,chance_of_playing_next_round,chance_of_playing_this_round,code,cost_change_event,cost_change_event_fall,cost_change_start,cost_change_start_fall,dreamteam_count,element_type,ep_next,ep_this,event_points,first_name,form,id,in_dreamteam,news,news_added,now_cost,photo,points_per_game,second_name,selected_by_percent,special,squad_number,status,team,team_code,total_points,transfers_in,transfers_in_event,transfers_out,transfers_out_event,value_form,value_season,web_name,minutes,goals_scored,assists,clean_sheets,goals_conceded,own_goals,penalties_saved,penalties_missed,yellow_cards,red_cards,saves,bonus,bps,influence,creativity,threat,ict_index
0,,,69140,0,0,0,0,0,2,,,0,Shkodran,0.0,1,False,,,55,69140.jpg,2.6,Mustafi,0.5,False,,a,1,3,80,0,0,0,0,0.0,0.0,Mustafi,2611,2,0,6,40,0,0,0,9,0,0,5,475,718.6,106.0,252.0,107.8
1,0.0,,98745,0,0,0,0,0,2,,,0,Héctor,0.0,2,False,Knee injury - Unknown return date,2019-06-25T11:30:06.897107Z,55,98745.jpg,3.2,Bellerín,0.2,False,,i,1,3,60,0,0,0,0,0.0,0.0,Bellerín,1532,0,5,4,21,1,0,0,3,0,0,5,304,261.6,197.8,280.0,73.7
2,,,111457,0,0,0,0,0,2,,,0,Sead,0.0,3,False,,,55,111457.jpg,3.4,Kolasinac,2.2,False,,a,1,3,81,0,0,0,0,0.0,0.0,Kolasinac,1886,0,7,5,29,1,0,0,5,0,0,10,382,323.2,445.9,242.0,101.0
3,,,154043,0,0,0,0,0,2,,,0,Ainsley,0.0,4,False,,,50,154043.jpg,2.1,Maitland-Niles,1.0,False,,a,1,3,34,0,0,0,0,0.0,0.0,Maitland-Niles,983,1,1,2,20,0,0,0,1,1,0,3,152,224.2,98.9,126.0,44.8
4,,,39476,0,0,0,0,0,2,,,0,Sokratis,0.0,5,False,,,50,39476.jpg,2.6,Papastathopoulos,1.3,False,,a,1,3,64,0,0,0,0,0.0,0.0,Sokratis,2198,1,2,5,33,0,0,0,12,0,0,4,402,513.8,67.9,120.0,70.4
5,,,38411,0,0,0,0,0,2,,,0,Nacho,0.0,6,False,,,50,38411.jpg,3.5,Monreal,1.1,False,,a,1,3,77,0,0,0,0,0.0,0.0,Monreal,1860,1,4,5,24,0,0,0,5,0,0,7,392,413.2,196.6,224.0,83.4
6,,,51507,0,0,0,0,0,2,,,0,Laurent,0.0,7,False,,,50,51507.jpg,3.6,Koscielny,0.8,False,,a,1,3,62,0,0,0,0,0.0,0.0,Koscielny,1329,3,0,3,23,0,0,0,1,0,0,8,319,456.4,29.5,105.0,59.1
7,,,233963,0,0,0,0,0,2,,,0,Konstantinos,0.0,8,False,,,45,233963.jpg,0.8,Mavropanos,0.2,False,,a,1,3,3,0,0,0,0,0.0,0.0,Mavropanos,147,0,0,0,1,0,0,0,1,0,0,0,28,27.0,14.1,10.0,5.2
8,,,80254,0,0,0,0,0,2,,,0,Carl,0.0,9,False,,,45,80254.jpg,1.3,Jenkinson,0.2,False,,a,1,3,4,0,0,0,0,0.0,0.0,Jenkinson,165,0,0,0,3,0,0,0,0,0,0,0,16,26.8,16.9,8.0,5.2
9,0.0,,156074,0,0,0,0,0,2,,,0,Rob,0.0,10,False,Anterior cruciate ligament - Unknown return date,2019-06-25T11:30:06.913215Z,45,156074.jpg,2.4,Holding,0.2,False,,i,1,3,24,0,0,0,0,0.0,0.0,Holding,806,0,0,1,10,0,0,0,1,0,0,5,148,187.8,28.7,14.0,23.2
10,,,54694,0,0,0,0,0,4,,,0,Pierre-Emerick,0.0,11,False,,,110,54694.jpg,5.7,Aubameyang,20.0,False,,a,1,3,205,0,0,0,0,0.0,0.0,Aubameyang,2722,22,7,7,42,0,0,1,0,0,0,32,756,984.4,484.6,1429.0,289.6
11,,,59966,0,0,0,0,0,4,,,0,Alexandre,0.0,12,False,,,95,59966.jpg,4.7,Lacazette,8.7,False,,a,1,3,166,0,0,0,0,0.0,0.0,Lacazette,2497,13,12,6,31,0,0,0,2,0,0,20,560,808.0,482.4,1319.0,260.6
12,,,205533,0,0,0,0,0,4,,,0,Edward,0.0,13,False,,,45,205533.jpg,2.0,Nketiah,4.9,False,,a,1,3,10,0,0,0,0,0.0,0.0,Nketiah,63,1,0,0,3,0,0,0,0,0,0,1,36,40.8,14.7,59.0,11.4
13,,,80201,0,0,0,0,0,1,,,0,Bernd,0.0,14,False,,,50,80201.jpg,3.3,Leno,4.6,False,,a,1,3,106,0,0,0,0,0.0,0.0,Leno,2835,0,0,6,42,0,0,0,0,0,105,5,568,807.2,0.0,0.0,80.5
14,,,37605,0,0,0,0,0,3,,,0,Mesut,0.0,15,False,,,75,37605.jpg,3.7,Özil,1.6,False,,a,1,3,89,0,0,0,0,0.0,0.0,Özil,1732,5,3,5,24,0,0,0,2,0,0,9,363,429.6,714.2,254.0,140.0
15,,,57249,0,0,0,0,0,3,,,0,Henrikh,0.0,16,False,,,70,57249.jpg,3.9,Mkhitaryan,3.4,False,,a,1,3,98,0,0,0,0,0.0,0.0,Mkhitaryan,1637,6,4,3,26,0,0,0,1,0,0,12,354,446.4,454.9,600.0,150.2
16,,,153133,0,0,0,0,0,3,,,0,Alex,0.0,17,False,,,60,153133.jpg,2.8,Iwobi,1.3,False,,a,1,3,99,0,0,0,0,0.0,0.0,Iwobi,1961,3,8,4,32,0,0,0,0,0,0,3,382,469.0,596.7,646.0,171.1
17,,,84450,0,0,0,0,0,3,,,0,Granit,0.0,18,False,,,55,84450.jpg,3.1,Xhaka,1.3,False,,a,1,3,90,0,0,0,0,0.0,0.0,Xhaka,2498,4,3,7,37,0,0,0,10,0,0,8,452,634.6,674.0,215.0,152.6
18,,,198849,0,0,0,0,0,3,,,0,Lucas,0.0,19,False,,,50,198849.jpg,2.3,Torreira,1.9,False,,a,1,3,78,0,0,0,0,0.0,0.0,Torreira,2377,2,4,5,38,0,0,0,7,1,0,6,409,440.8,301.0,203.0,94.5
19,,,153256,0,0,0,0,0,3,,,0,Mohamed,0.0,20,False,,,45,153256.jpg,1.3,Elneny,0.5,False,,a,1,3,10,0,0,0,0,0.0,0.0,Elneny,377,0,0,0,5,0,0,0,0,0,0,0,59,86.6,76.7,63.0,22.7
20,,,242166,0,0,0,0,0,3,,,0,Matteo,0.0,21,False,,,45,242166.jpg,1.4,Guendouzi,4.4,False,,a,1,3,47,0,0,0,0,0.0,0.0,Guendouzi,2140,0,0,3,32,0,0,0,9,0,0,0,321,323.2,312.4,130.0,76.6
21,,,98980,0,0,0,0,0,1,,,0,Emiliano,0.0,427,False,,,45,98980.jpg,0.0,Martínez,0.3,False,,a,1,3,0,0,0,0,0,0.0,0.0,Martínez,0,0,0,0,0,0,0,0,0,0,0,0,0,0.0,0.0,0.0,0.0
22,,,101184,0,0,0,0,0,2,,,0,Calum,0.0,467,False,,,45,101184.jpg,1.9,Chambers,0.5,False,,a,1,3,60,0,0,0,0,0.0,0.0,Chambers,2586,2,0,5,52,0,0,0,9,0,0,0,431,609.0,231.9,401.0,124.5
23,,,182539,0,0,0,0,0,3,,,0,Daniel,0.0,469,False,,,55,182539.jpg,0.0,Ceballos Fernández,3.6,False,,a,1,3,0,0,0,0,0,0.0,0.0,Ceballos,0,0,0,0,0,0,0,0,0,0,0,0,0,0.0,0.0,0.0,0.0
24,,,195735,0,0,0,0,0,3,,,0,Nicolas,0.0,488,False,,,95,195735.jpg,0.0,Pépé,2.6,False,,a,1,3,0,0,0,0,0,0.0,0.0,Pépé,0,0,0,0,0,0,0,0,0,0,0,0,0,0.0,0.0,0.0,0.0
25,,,200641,0,0,0,0,0,3,,,0,Reiss,0.0,489,False,,,55,200641.jpg,0.0,Nelson,0.0,False,,a,1,3,0,0,0,0,0,0.0,0.0,Nelson,0,0,0,0,0,0,0,0,0,0,0,0,0,0.0,0.0,0.0,0.0
26,,,200089,0,0,0,0,0,3,,,0,Joseph,0.0,490,False,,,50,200089.jpg,2.0,Willock,0.0,False,,a,1,3,4,0,0,0,0,0.0,0.0,Willock,63,0,0,1,1,0,0,0,0,0,0,0,4,1.0,2.5,23.0,2.7
27,,,37339,0,0,0,0,0,2,,,0,Ahmed,0.0,22,False,,,45,37339.jpg,0.0,El Mohamady,3.3,False,,a,2,7,0,0,0,0,0,0.0,0.0,El Mohamady,0,0,0,0,0,0,0,0,0,0,0,0,0,0.0,0.0,0.0,0.0
28,,,43252,0,0,0,0,0,2,,,0,James,0.0,23,False,,,45,43252.jpg,0.0,Chester,0.4,False,,a,2,7,0,0,0,0,0,0.0,0.0,Chester,0,0,0,0,0,0,0,0,0,0,0,0,0,0.0,0.0,0.0,0.0
29,,,47390,0,0,0,0,0,2,,,0,Neil,0.0,24,False,,,45,47390.jpg,0.0,Taylor,0.3,False,,a,2,7,0,0,0,0,0,0.0,0.0,Taylor,0,0,0,0,0,0,0,0,0,0,0,0,0,0.0,0.0,0.0,0.0
30,,,123354,0,0,0,0,0,2,,,0,Kortney,0.0,25,False,,,45,123354.jpg,0.0,Hause,0.1,False,,a,2,7,0,0,0,0,0,0.0,0.0,Hause,0,0,0,0,0,0,0,0,0,0,0,0,0,0.0,0.0,0.0,0.0
31,,,54764,0,0,0,0,0,4,,,0,Jonathan,0.0,26,False,,,55,54764.jpg,0.0,Kodjia,0.7,False,,a,2,7,0,0,0,0,0,0.0,0.0,Kodjia,0,0,0,0,0,0,0,0,0,0,0,0,0,0.0,0.0,0.0,0.0
32,75.0,,98770,0,0,0,0,0,1,,,0,Ørjan,0.0,27,False,Lack of match fitness - 75% chance of playing,2019-07-30T15:00:08.973693Z,45,98770.jpg,0.0,Nyland,0.6,False,,d,2,7,0,0,0,0,0,0.0,0.0,Nyland,0,0,0,0,0,0,0,0,0,0,0,0,0,0.0,0.0,0.0,0.0
33,,,85242,0,0,0,0,0,3,,,0,Conor,0.0,28,False,,,60,85242.jpg,0.0,Hourihane,0.3,False,,a,2,7,0,0,0,0,0,0.0,0.0,Hourihane,0,0,0,0,0,0,0,0,0,0,0,0,0,0.0,0.0,0.0,0.0
34,,,114283,0,0,0,0,0,3,,,0,Jack,0.0,29,False,,,60,114283.jpg,0.0,Grealish,7.8,False,,a,2,7,0,0,0,0,0,0.0,0.0,Grealish,0,0,0,0,0,0,0,0,0,0,0,0,0,0.0,0.0,0.0,0.0
35,,,193488,0,0,0,0,0,3,,,0,Anwar,0.0,30,False,,,55,193488.jpg,0.0,El Ghazi,0.7,False,,a,2,7,0,0,0,0,0,0.0,0.0,El Ghazi,0,0,0,0,0,0,0,0,0,0,0,0,0,0.0,0.0,0.0,0.0
36,,,122806,0,0,0,0,0,3,,,0,John,0.0,31,False,,,55,122806.jpg,0.0,McGinn,2.3,False,,a,2,7,0,0,0,0,0,0.0,0.0,McGinn,0,0,0,0,0,0,0,0,0,0,0,0,0,0.0,0.0,0.0,0.0
37,,,174597,0,0,0,0,0,3,,,0,Andre,0.0,32,False,,,50,174597.jpg,0.0,Green,0.1,False,,a,2,7,0,0,0,0,0,0.0,0.0,Green,0,0,0,0,0,0,0,0,0,0,0,0,0,0.0,0.0,0.0,0.0
38,,,27770,0,0,0,0,0,3,,,0,Birkir,0.0,33,False,,,45,27770.jpg,0.0,Bjarnason,0.4,False,,a,2,7,0,0,0,0,0,0.0,0.0,Bjarnason,0,0,0,0,0,0,0,0,0,0,0,0,0,0.0,0.0,0.0,0.0
39,,,221239,0,0,0,0,0,3,,,0,Keinan,0.0,34,False,,,45,221239.jpg,0.0,Davis,0.3,False,,a,2,7,0,0,0,0,0,0.0,0.0,Davis,0,0,0,0,0,0,0,0,0,0,0,0,0,0.0,0.0,0.0,0.0
40,,,40564,0,0,0,0,0,3,,,0,Henri,0.0,35,False,,,45,40564.jpg,0.0,Lansbury,0.3,False,,a,2,7,0,0,0,0,0,0.0,0.0,Lansbury,0,0,0,0,0,0,0,0,0,0,0,0,0,0.0,0.0,0.0,0.0
41,,,89274,0,0,0,0,0,3,,,0,José Ignacio,0.0,36,False,,,60,89274.jpg,0.0,Peleteiro Romallo,0.4,False,,a,2,7,0,0,0,0,0,0.0,0.0,Jota,0,0,0,0,0,0,0,0,0,0,0,0,0,0.0,0.0,0.0,0.0
42,,,21205,0,0,0,0,0,1,,,0,Tom,0.0,94,False,,,45,21205.jpg,3.1,Heaton,5.2,False,,a,2,7,58,0,0,0,0,0.0,0.0,Heaton,1710,0,0,4,27,0,0,0,3,0,63,4,323,442.8,20.1,4.0,46.6
43,,,169359,0,0,0,0,0,2,,,0,Matt,0.0,309,False,,,45,169359.jpg,2.3,Targett,1.6,False,,a,2,7,36,0,0,0,0,0.0,0.0,Targett,1185,1,3,0,25,0,0,0,2,0,0,3,229,314.2,366.8,181.0,86.2
44,,,213345,0,0,0,0,0,4,,,0,Wesley,0.0,428,False,,,60,213345.jpg,0.0,Moraes,1.5,False,,a,2,7,0,0,0,0,0,0.0,0.0,Wesley,0,0,0,0,0,0,0,0,0,0,0,0,0,0.0,0.0,0.0,0.0
45,,,79852,0,0,0,0,0,1,,,0,Jed,0.0,429,False,,,45,79852.jpg,0.0,Steer,0.4,False,,a,2,7,0,0,0,0,0,0.0,0.0,Steer,0,0,0,0,0,0,0,0,0,0,0,0,0,0.0,0.0,0.0,0.0
46,,,149484,0,0,0,0,0,2,,,0,Tyrone,0.0,445,False,,,45,149484.jpg,1.0,Mings,1.9,False,,a,2,7,5,0,0,0,0,0.0,0.0,Mings,141,0,0,0,4,0,0,0,0,0,0,0,41,49.0,16.3,2.0,6.8
47,,,199798,0,0,0,0,0,2,,,0,Ezri,0.0,452,False,,,45,199798.jpg,0.0,Konsa Ngoyo,0.1,False,,a,2,7,0,0,0,0,0,0.0,0.0,Konsa,0,0,0,0,0,0,0,0,0,0,0,0,0,0.0,0.0,0.0,0.0
48,,,108156,0,0,0,0,0,2,,,0,Bjorn,0.0,455,False,,,45,108156.jpg,0.0,Engels,0.1,False,,a,2,7,0,0,0,0,0,0.0,0.0,Engels,0,0,0,0,0,0,0,0,0,0,0,0,0,0.0,0.0,0.0,0.0
49,,,203368,0,0,0,0,0,2,,,0,Frédéric,0.0,458,False,,,45,203368.jpg,0.0,Guilbert,0.4,False,,a,2,7,0,0,0,0,0,0.0,0.0,Guilbert,0,0,0,0,0,0,0,0,0,0,0,0,0,0.0,0.0,0.0,0.0
50,,,148508,0,0,0,0,0,3,,,0,Mahmoud Ahmed,0.0,465,False,,,55,148508.jpg,0.0,Ibrahim Hassan,3.3,False,,a,2,7,0,0,0,0,0,0.0,0.0,Trézéguet,0,0,0,0,0,0,0,0,0,0,0,0,0,0.0,0.0,0.0,0.0
51,,,230046,0,0,0,0,0,3,,,0,Douglas Luiz,0.0,470,False,,,45,230046.jpg,0.0,Soares de Paulo,0.5,False,,a,2,7,0,0,0,0,0,0.0,0.0,Douglas Luiz,0,0,0,0,0,0,0,0,0,0,0,0,0,0.0,0.0,0.0,0.0
52,,,88175,0,0,0,0,0,1,,,0,Lovre,0.0,474,False,,,45,88175.jpg,0.0,Kalinic,0.1,False,,a,2,7,0,0,0,0,0,0.0,0.0,Kalinic,0,0,0,0,0,0,0,0,0,0,0,0,0,0.0,0.0,0.0,0.0
53,,,184704,0,0,0,0,0,3,,,0,Marvelous,0.0,491,False,,,45,184704.jpg,0.0,Nakamba,0.0,False,,a,2,7,0,0,0,0,0,0.0,0.0,Nakamba,0,0,0,0,0,0,0,0,0,0,0,0,0,0.0,0.0,0.0,0.0
54,75.0,,56917,0,0,0,0,0,2,,,0,Steve,0.0,58,False,Lack of match fitness - 75% chance of playing,2019-07-30T11:30:12.364426Z,50,56917.jpg,2.7,Cook,0.4,False,,d,3,91,85,0,0,0,0,0.0,0.0,Steve Cook,2786,1,1,9,56,1,0,0,3,0,0,6,549,731.0,143.3,292.0,116.5
55,,,126184,0,0,0,0,0,2,,,0,Nathan,0.0,59,False,,,50,126184.jpg,3.2,Aké,17.5,False,,a,3,91,120,0,0,0,0,0.0,0.0,Aké,3411,4,1,10,70,0,0,0,3,0,0,8,716,1002.0,125.9,440.0,156.8
56,75.0,,41320,0,0,0,0,0,2,,,0,Charlie,0.0,60,False,Lack of match fitness - 75% chance of playing,2019-06-25T11:30:06.960367Z,45,41320.jpg,2.1,Daniels,0.0,False,,d,3,91,44,0,0,0,0,0.0,0.0,Daniels,1583,1,0,4,34,0,0,0,4,0,0,1,278,289.8,215.4,156.0,66.2
57,,,223911,0,0,0,0,0,2,,,0,Chris,0.0,61,False,,,45,223911.jpg,2.1,Mepham,0.2,False,,a,3,91,27,0,0,0,0,0.0,0.0,Mepham,848,0,1,2,17,0,0,0,1,0,0,0,158,177.2,24.1,22.0,22.5
58,0.0,,15149,0,0,0,0,0,2,,,0,Simon,0.0,62,False,Anterior cruciate ligament - Unknown return date,2019-06-25T11:30:06.976202Z,45,15149.jpg,2.4,Francis,0.0,False,,i,3,91,40,0,0,0,0,0.0,0.0,Francis,1227,0,2,4,24,0,0,0,1,0,0,0,244,332.4,173.3,39.0,54.4
59,,,54469,0,0,0,0,0,2,,,0,Adam,0.0,63,False,,,45,54469.jpg,2.8,Smith,1.9,False,,a,3,91,70,0,0,0,0,0.0,0.0,Adam Smith,2067,1,1,8,33,0,0,0,5,1,0,1,383,374.0,199.8,110.0,68.5
60,,,235530,0,0,0,0,0,2,,,0,Lloyd,0.0,64,False,,,45,235530.jpg,0.0,Kelly,0.4,False,,a,3,91,0,0,0,0,0,0.0,0.0,Kelly,0,0,0,0,0,0,0,0,0,0,0,0,0,0.0,0.0,0.0,0.0
61,,,171129,0,0,0,0,0,2,,,0,Diego,0.0,65,False,,,40,171129.jpg,0.7,Rico,3.6,False,,a,3,91,8,0,0,0,0,0.0,0.0,Rico,606,0,0,0,19,0,0,0,1,0,0,0,89,107.4,171.6,36.0,31.4
62,,,222434,0,0,0,0,0,2,,,0,Jack,0.0,66,False,,,40,222434.jpg,1.7,Simpson,8.1,False,,a,3,91,10,0,0,0,0,0.0,0.0,Simpson,401,0,0,1,9,1,0,0,0,0,0,0,73,85.4,2.0,21.0,11.0
63,,,75115,0,0,0,0,0,4,,,0,Callum,0.0,67,False,,,80,75115.jpg,5.6,Wilson,20.6,False,,a,3,91,168,0,0,0,0,0.0,0.0,Wilson,2528,14,12,9,47,0,0,1,3,0,0,22,525,737.8,388.4,1137.0,225.0
64,,,78007,0,0,0,0,0,4,,,0,Joshua,0.0,68,False,,,65,78007.jpg,4.0,King,19.5,False,,a,3,91,141,0,0,0,0,0.0,0.0,King,2963,12,3,10,57,0,0,1,3,0,0,20,457,655.4,535.7,1058.0,223.8
65,,,154566,0,0,0,0,0,4,,,0,Dominic,0.0,69,False,,,55,154566.jpg,1.5,Solanke,0.5,False,,a,3,91,15,0,0,0,0,0.0,0.0,Solanke,340,0,1,0,5,0,0,0,0,0,0,0,45,79.0,96.0,154.0,33.0
66,,,217331,0,0,0,0,0,4,,,0,Sam,0.0,71,False,,,45,217331.jpg,1.0,Surridge,1.9,False,,a,3,91,2,0,0,0,0,0.0,0.0,Surridge,11,0,0,0,0,0,0,0,0,0,0,0,3,5.0,11.8,23.0,4.0
67,,,40349,0,0,0,0,0,1,,,0,Asmir,0.0,72,False,,,45,40349.jpg,2.6,Begovic,3.4,False,,a,3,91,63,0,0,0,0,0.0,0.0,Begovic,2160,0,0,5,47,0,0,0,0,0,59,4,363,440.6,0.0,0.0,44.2
68,,,18726,0,0,0,0,0,1,,,0,Artur,0.0,73,False,,,45,18726.jpg,3.8,Boruc,0.6,False,,a,3,91,46,0,0,0,0,0.0,0.0,Boruc,1080,0,0,4,18,0,0,0,2,0,39,4,218,302.0,0.0,0.0,30.3
69,,,229600,0,0,0,0,0,1,,,0,Mark,0.0,74,False,,,45,229600.jpg,4.5,Travers,0.4,False,,a,3,91,9,0,0,0,0,0.0,0.0,Travers,180,0,0,1,5,0,0,0,0,0,9,1,46,68.2,0.0,0.0,6.8
70,,,90105,0,0,0,0,0,3,,,0,Ryan,0.0,75,False,,,75,90105.jpg,4.8,Fraser,20.6,False,,a,3,91,181,0,0,0,0,0.0,0.0,Fraser,3165,7,14,9,64,0,0,0,2,0,0,23,751,930.6,1382.4,696.0,301.2
71,0.0,,111317,0,0,0,0,0,3,,,0,David,0.0,76,False,Ankle injury - Expected back 26 Oct,2019-07-31T21:00:14.727782Z,65,111317.jpg,4.1,Brooks,2.8,False,,i,3,91,123,0,0,0,0,0.0,0.0,Brooks,2263,7,6,9,41,0,0,0,3,0,0,7,414,598.0,466.7,609.0,167.5
72,0.0,,56872,0,0,0,0,0,3,,,0,Junior,0.0,77,False,Knee injury - Unknown return date,2019-06-25T11:30:06.990995Z,60,56872.jpg,2.4,Stanislas,0.0,False,,i,3,91,56,0,0,0,0,0.0,0.0,Stanislas,1021,2,3,2,24,0,0,0,1,0,0,3,205,225.2,254.5,340.0,82.0
73,,,103912,0,0,0,0,0,3,,,0,Jordon,0.0,78,False,,,50,103912.jpg,1.7,Ibe,0.3,False,,a,3,91,33,0,0,0,0,0.0,0.0,Ibe,789,1,1,1,23,0,0,0,1,0,0,0,105,131.2,174.8,155.0,46.0
74,0.0,,155408,0,0,0,0,0,3,,,0,Lewis,0.0,79,False,Anterior cruciate ligament - Unknown return date,2019-06-25T11:30:07.007116Z,50,155408.jpg,1.7,Cook,0.0,False,,i,3,91,22,0,0,0,0,0.0,0.0,Lewis Cook,719,0,0,3,10,0,0,0,2,0,0,0,91,76.0,50.4,36.0,16.5
75,100.0,,15237,0,0,0,0,0,3,,,0,Andrew,0.0,80,False,,2019-06-25T11:30:07.022396Z,50,15237.jpg,2.0,Surman,0.1,False,,a,3,91,36,0,0,0,0,0.0,0.0,Surman,1438,0,0,4,37,0,0,0,2,0,0,0,206,190.8,163.0,38.0,39.2
76,0.0,,40387,0,0,0,0,0,3,,,0,Dan,0.0,81,False,Hip injury - Expected back 02 Nov,2019-07-30T10:30:13.907385Z,50,40387.jpg,2.2,Gosling,0.1,False,,i,3,91,54,0,0,0,0,0.0,0.0,Gosling,1734,2,2,4,33,0,0,0,8,0,0,0,237,400.6,164.7,217.0,78.1
77,,,152551,0,0,0,0,0,3,,,0,Jefferson,0.0,82,False,,,50,152551.jpg,2.5,Lerma,0.2,False,,a,3,91,75,0,0,0,0,0.0,0.0,Lerma,2505,2,2,9,49,1,0,0,12,0,0,6,410,539.6,245.8,174.0,96.2
78,,,154131,0,0,0,0,0,2,,,0,Jack,0.0,446,False,,,45,154131.jpg,0.0,Stacey,0.2,False,,a,3,91,0,0,0,0,0,0.0,0.0,Stacey,0,0,0,0,0,0,0,0,0,0,0,0,0,0.0,0.0,0.0,0.0
79,,,168991,0,0,0,0,0,3,,,0,Philip,0.0,476,False,,,50,168991.jpg,2.3,Billing,0.1,False,,a,3,91,63,0,0,0,0,0.0,0.0,Billing,2187,2,0,5,43,0,0,0,7,0,0,4,317,494.6,341.0,375.0,121.3
80,,,220307,0,0,0,0,0,3,,,0,Arnaut,0.0,492,False,,,60,220307.jpg,0.0,Danjuma Groeneveld,0.0,False,,a,3,91,0,0,0,0,0,0.0,0.0,Danjuma,0,0,0,0,0,0,0,0,0,0,0,0,0,0.0,0.0,0.0,0.0
81,,,61933,0,0,0,0,0,2,,,0,Shane,0.0,37,False,,,50,61933.jpg,3.3,Duffy,3.4,False,,a,4,36,115,0,0,0,0,0.0,0.0,Duffy,3087,5,2,7,55,0,0,0,4,1,0,9,582,1024.4,84.1,499.0,160.9
82,,,86153,0,0,0,0,0,2,,,0,Martín,0.0,38,False,,,45,86153.jpg,1.8,Montoya,0.3,False,,a,4,36,45,0,0,0,0,0.0,0.0,Montoya,2166,0,1,3,41,0,0,0,4,0,0,1,351,437.6,289.2,58.0,78.6
83,,,209362,0,0,0,0,0,2,,,0,Bernardo,0.0,39,False,,,45,209362.jpg,1.8,Fernandes da Silva Junior,0.2,False,,a,4,36,39,0,0,0,0,0.0,0.0,Bernardo,1749,0,1,2,29,0,0,0,4,0,0,0,290,444.2,172.6,83.0,70.0
84,,,52484,0,0,0,0,0,2,,,0,Leon,0.0,40,False,,,45,52484.jpg,1.9,Balogun,0.1,False,,a,4,36,15,0,0,0,0,0.0,0.0,Balogun,591,1,0,0,10,0,0,0,2,0,0,0,86,134.0,1.1,27.0,16.2
85,,,42748,0,0,0,0,0,2,,,0,Gaëtan,0.0,41,False,,,45,42748.jpg,2.2,Bong,0.2,False,,a,4,36,48,0,0,0,0,0.0,0.0,Bong,1805,0,0,5,34,0,0,0,0,0,0,0,254,220.0,153.3,8.0,38.0
86,,,83299,0,0,0,0,0,2,,,0,Lewis,0.0,42,False,,,45,83299.jpg,2.5,Dunk,7.7,False,,a,4,36,91,0,0,0,0,0.0,0.0,Dunk,3151,2,1,7,56,0,0,0,5,1,0,6,573,805.8,132.9,245.0,118.7
87,0.0,,178173,0,0,0,0,0,2,,,0,Matthew,0.0,43,False,Joined Derby County on loan until the end of the season on 2/8. - Expected back 01 Jul,2019-08-02T11:00:13.040927Z,45,178173.jpg,0.0,Clarke,0.1,False,,n,4,36,0,0,0,0,0,0.0,0.0,Clarke,0,0,0,0,0,0,0,0,0,0,0,0,0,0.0,0.0,0.0,0.0
88,,,20529,0,0,0,0,0,4,,,0,Glenn,0.0,44,False,,,60,20529.jpg,3.4,Murray,3.8,False,,a,4,36,129,0,0,0,0,0.0,0.0,Murray,2501,13,1,4,45,0,0,0,5,0,0,16,337,478.0,190.0,835.0,148.1
89,,,106757,0,0,0,0,0,4,,,0,Jürgen,0.0,45,False,,,55,106757.jpg,2.0,Locadia,0.4,False,,a,4,36,52,0,0,0,0,0.0,0.0,Locadia,1225,2,0,3,21,0,0,0,1,0,0,6,155,154.4,190.8,356.0,69.7
90,,,93284,0,0,0,0,0,4,,,0,Florin,0.0,46,False,,,50,93284.jpg,1.7,Andone,0.5,False,,a,4,36,38,0,0,0,0,0.0,0.0,Andone,866,3,0,2,14,0,0,0,5,0,0,2,74,147.2,48.6,361.0,54.9
91,,,131897,0,0,0,0,0,1,,,0,Mathew,0.0,47,False,,,45,131897.jpg,3.1,Ryan,14.6,False,,a,4,36,104,0,0,0,0,0.0,0.0,Ryan,3060,0,0,6,55,0,0,0,2,0,97,11,547,707.0,0.0,0.0,70.9
92,,,50093,0,0,0,0,0,1,,,0,David,0.0,48,False,,,40,50093.jpg,3.8,Button,24.6,False,,a,4,36,15,0,0,0,0,0.0,0.0,Button,360,0,0,1,5,0,0,0,0,0,14,2,76,89.2,0.0,0.0,8.9
93,,,60307,0,0,0,0,0,3,,,0,Pascal,0.0,49,False,,,65,60307.jpg,3.2,Groß,0.7,False,,a,4,36,80,0,0,0,0,0.0,0.0,Groß,1864,3,3,3,31,0,0,1,1,0,0,12,347,456.0,815.3,344.0,161.7
94,,,165210,0,0,0,0,0,3,,,0,Alireza,0.0,50,False,,,60,165210.jpg,1.7,Jahanbakhsh,0.2,False,,a,4,36,33,0,0,0,0,0.0,0.0,Jahanbakhsh,1014,0,0,5,16,0,0,0,2,0,0,0,61,94.4,104.0,162.0,35.5
95,0.0,,167473,0,0,0,0,0,3,,,0,José Heriberto,0.0,51,False,Knee injury - Unknown return date,2019-06-25T11:30:06.929510Z,55,167473.jpg,2.1,Izquierdo Mena,0.0,False,,i,4,36,31,0,0,0,0,0.0,0.0,Izquierdo,789,0,2,3,10,0,0,0,1,0,0,0,95,75.4,77.3,147.0,30.0
96,0.0,,83543,0,0,0,0,0,3,,,0,Anthony,0.0,52,False,Joined Fulham on loan until the end of the season on 21/7. - Expected back 01 Jul,2019-07-21T20:00:14.555249Z,55,83543.jpg,2.5,Knockaert,0.1,False,,n,4,36,74,0,0,0,0,0.0,0.0,Knockaert,1828,2,6,3,41,0,0,0,4,1,0,2,293,389.6,580.8,345.0,131.4
97,0.0,,227127,0,0,0,0,0,3,,,0,Yves,0.0,53,False,Shoulder injury - Unknown return date,2019-06-25T11:30:06.944296Z,50,227127.jpg,1.5,Bissouma,0.0,False,,i,4,36,43,0,0,0,0,0.0,0.0,Bissouma,1764,0,0,3,32,0,0,0,5,0,0,0,170,253.4,213.0,201.0,66.8
98,,,66242,0,0,0,0,0,3,,,0,Davy,0.0,54,False,,,50,66242.jpg,2.4,Pröpper,0.1,False,,a,4,36,72,0,0,0,0,0.0,0.0,Pröpper,2546,1,1,4,45,0,0,0,2,0,0,3,351,389.2,279.1,121.0,79.2
99,,,109345,0,0,0,0,0,3,,,0,Solomon,0.0,55,False,,,50,109345.jpg,2.7,March,0.6,False,,a,4,36,94,0,0,0,0,0.0,0.0,March,2459,1,6,6,40,0,0,0,1,0,0,5,342,474.6,684.5,405.0,156.6
100,,,38490,0,0,0,0,0,3,,,0,Beram,0.0,56,False,,,45,38490.jpg,2.0,Kayal,0.2,False,,a,4,36,36,0,0,0,0,0.0,0.0,Kayal,935,1,1,4,17,0,0,0,4,0,0,0,136,224.0,59.3,53.0,33.6
101,,,40845,0,0,0,0,0,3,,,0,Dale,0.0,57,False,,,45,40845.jpg,2.2,Stephens,3.2,False,,a,4,36,65,0,0,0,0,0.0,0.0,Stephens,2484,1,1,5,46,0,0,0,6,1,0,4,404,498.2,249.3,88.0,83.6
102,,,116216,0,0,0,0,0,3,,,0,Leandro,0.0,421,False,,,60,116216.jpg,0.0,Trossard,0.5,False,,a,4,36,0,0,0,0,0,0.0,0.0,Trossard,0,0,0,0,0,0,0,0,0,0,0,0,0,0.0,0.0,0.0,0.0
103,,,78916,0,0,0,0,0,2,,,0,Dan,0.0,475,False,,,45,78916.jpg,0.0,Burn,0.0,False,,a,4,36,0,0,0,0,0,0.0,0.0,Burn,0,0,0,0,0,0,0,0,0,0,0,0,0,0.0,0.0,0.0,0.0
104,,,51927,0,0,0,0,0,2,,,0,Ben,0.0,83,False,,,50,51927.jpg,2.1,Mee,0.8,False,,a,5,90,81,0,0,0,0,0.0,0.0,Mee,3420,0,2,8,68,2,0,0,9,0,0,5,572,885.4,113.8,238.0,123.9
105,,,17761,0,0,0,0,0,2,,,0,James,0.0,84,False,,,50,17761.jpg,2.8,Tarkowski,2.6,False,,a,5,90,97,0,0,0,0,0.0,0.0,Tarkowski,3086,3,2,7,63,0,0,0,8,0,0,7,524,1023.2,69.8,450.0,154.5
106,,,68983,0,0,0,0,0,2,,,0,Matthew,0.0,85,False,,,45,68983.jpg,1.6,Lowton,0.3,False,,a,5,90,34,0,0,0,0,0.0,0.0,Lowton,1748,0,0,4,41,0,0,0,7,0,0,1,269,338.0,158.6,48.0,54.6
107,,,17997,0,0,0,0,0,2,,,0,Phil,0.0,86,False,,,45,17997.jpg,1.7,Bardsley,0.2,False,,a,5,90,33,0,0,0,0,0.0,0.0,Bardsley,1670,0,0,4,27,1,0,0,9,0,0,0,224,267.8,139.6,66.0,47.4
108,,,103914,0,0,0,0,0,2,,,0,Charlie,0.0,87,False,,,45,103914.jpg,2.2,Taylor,2.0,False,,a,5,90,82,0,0,0,0,0.0,0.0,Taylor,3240,0,1,7,64,0,0,0,2,0,0,2,505,649.4,268.5,30.0,94.9
109,,,41674,0,0,0,0,0,2,,,0,Kevin,0.0,88,False,,,45,41674.jpg,2.7,Long,0.3,False,,a,5,90,16,0,0,0,0,0.0,0.0,Long,513,0,1,1,9,0,0,0,0,0,0,0,101,147.8,11.6,8.0,16.8
110,75.0,,83312,0,0,0,0,0,2,,,0,Ben,0.0,89,False,Ankle injury - 75% chance of playing,2019-07-31T00:00:11.168991Z,40,83312.jpg,6.0,Gibson,2.6,False,,d,5,90,6,0,0,0,0,0.0,0.0,Gibson,62,1,0,0,3,0,0,0,1,0,0,0,17,42.4,0.4,33.0,7.6
111,,,44699,0,0,0,0,0,4,,,0,Ashley,0.0,90,False,,,65,44699.jpg,3.3,Barnes,0.9,False,,a,5,90,122,0,0,0,0,0.0,0.0,Barnes,2378,12,3,7,41,1,0,0,8,0,0,13,394,581.2,309.9,1042.0,192.9
112,,,60689,0,0,0,0,0,4,,,0,Chris,0.0,91,False,,,65,60689.jpg,3.4,Wood,1.4,False,,a,5,90,131,0,0,0,0,0.0,0.0,Wood,2580,10,3,7,49,0,0,0,2,0,0,17,379,475.8,310.3,911.0,167.9
113,,,81183,0,0,0,0,0,4,,,0,Matej,0.0,92,False,,,55,81183.jpg,1.6,Vydra,0.1,False,,a,5,90,21,0,0,0,0,0.0,0.0,Vydra,310,1,1,0,7,0,0,0,1,0,0,0,61,70.4,33.7,114.0,21.4
114,75.0,,98747,0,0,0,0,0,1,,,0,Nick,0.0,93,False,Groin Strain - 75% chance of playing,2019-07-31T00:00:11.182051Z,45,98747.jpg,0.0,Pope,3.0,False,,d,5,90,0,0,0,0,0,0.0,0.0,Pope,0,0,0,0,0,0,0,0,0,0,0,0,0,0.0,0.0,0.0,0.0
115,,,15749,0,0,0,0,0,1,,,0,Joe,0.0,95,False,,,45,15749.jpg,3.6,Hart,2.1,False,,a,5,90,69,0,0,0,0,0.0,0.0,Hart,1710,0,0,4,41,0,1,0,0,0,77,7,378,594.6,10.1,0.0,60.3
116,,,60586,0,0,0,0,0,3,,,0,Johann Berg,0.0,96,False,,,60,60586.jpg,3.2,Gudmundsson,0.3,False,,a,5,90,92,0,0,0,0,0.0,0.0,Gudmundsson,1743,3,7,5,39,0,0,0,2,0,0,6,339,456.2,574.1,380.0,141.1
117,,,433154,0,0,0,0,0,3,,,0,Dwight,0.0,97,False,,,60,433154.jpg,3.6,McNeil,0.4,False,,a,5,90,75,0,0,0,0,0.0,0.0,McNeil,1590,3,4,5,25,0,0,0,2,0,0,6,305,405.2,442.8,279.0,112.5
118,75.0,,90517,0,0,0,0,0,3,,,0,Robbie,0.0,98,False,Rib Injury - 75% chance of playing,2019-07-31T00:00:11.195874Z,55,90517.jpg,1.3,Brady,0.1,False,,d,5,90,20,0,0,0,0,0.0,0.0,Brady,714,0,1,1,17,0,0,0,3,1,0,0,77,102.0,194.1,85.0,38.2
119,0.0,,39847,0,0,0,0,0,3,,,0,Steven,0.0,99,False,Calf injury - Unknown return date,2019-06-25T11:30:07.038056Z,55,39847.jpg,1.7,Defour,0.0,False,,i,5,90,10,0,0,0,0,0.0,0.0,Defour,449,0,0,0,14,0,0,0,0,0,0,0,70,61.4,36.6,0.0,9.9
120,,,83314,0,0,0,0,0,3,,,0,Jeff,0.0,100,False,,,55,83314.jpg,2.3,Hendrick,0.1,False,,a,5,90,73,0,0,0,0,0.0,0.0,Hendrick,2058,2,2,4,44,0,0,0,4,0,0,3,243,233.8,205.3,269.0,70.6
121,,,60551,0,0,0,0,0,3,,,0,Ashley,0.0,101,False,,,55,60551.jpg,3.3,Westwood,1.0,False,,a,5,90,111,0,0,0,0,0.0,0.0,Westwood,2821,2,8,7,55,0,0,0,5,0,0,10,518,623.0,643.1,253.0,152.3
122,,,40145,0,0,0,0,0,3,,,0,Jack,0.0,102,False,,,50,40145.jpg,2.4,Cork,0.3,False,,a,5,90,87,0,0,0,0,0.0,0.0,Cork,3312,1,2,8,63,0,0,0,6,0,0,0,446,491.4,309.7,240.0,104.3
123,,,17349,0,0,0,0,0,3,,,0,Aaron,0.0,430,False,,,50,17349.jpg,2.6,Lennon,0.1,False,,a,5,90,41,0,0,0,0,0.0,0.0,Lennon,1214,1,1,3,22,0,0,0,1,0,0,2,133,151.6,121.2,108.0,38.0
124,,,39487,0,0,0,0,0,2,,,0,Erik,0.0,447,False,,,45,39487.jpg,0.0,Pieters,0.2,False,,a,5,90,0,0,0,0,0,0.0,0.0,Pieters,0,0,0,0,0,0,0,0,0,0,0,0,0,0.0,0.0,0.0,0.0
125,,,44683,0,0,0,0,0,4,,,0,Jay,0.0,451,False,,,60,44683.jpg,0.0,Rodriguez,0.4,False,,a,5,90,0,0,0,0,0,0.0,0.0,Rodriguez,0,0,0,0,0,0,0,0,0,0,0,0,0,0.0,0.0,0.0,0.0
126,,,82263,0,0,0,0,0,2,,,0,Marcos,0.0,103,False,,,65,82263.jpg,5.2,Alonso,4.7,False,,a,6,8,161,0,0,0,0,0.0,0.0,Alonso,2759,2,8,14,28,0,0,0,6,0,0,21,702,619.0,520.1,475.0,161.7
127,0.0,,102380,0,0,0,0,0,2,,,0,Antonio,0.0,104,False,Knee injury - Unknown return date,2019-06-25T11:30:07.053434Z,60,102380.jpg,3.5,Rüdiger,0.1,False,,i,6,8,116,0,0,0,0,0.0,0.0,Rüdiger,2871,1,2,12,35,0,0,0,7,0,0,9,609,566.8,143.6,273.0,98.5
128,,,41328,0,0,0,0,0,2,,,0,César,0.0,105,False,,,60,41328.jpg,4.2,Azpilicueta,10.1,False,,a,6,8,158,0,0,0,0,0.0,0.0,Azpilicueta,3402,1,6,16,39,0,0,0,4,0,0,11,822,815.0,525.1,286.0,163.2
129,,,41270,0,0,0,0,0,2,,,0,David,0.0,106,False,,,60,41270.jpg,4.6,Luiz Moreira Marinho,9.5,False,,a,6,8,164,0,0,0,0,0.0,0.0,David Luiz,3238,3,2,16,36,0,0,0,3,0,0,19,794,859.0,358.7,363.0,158.0
130,,,109533,0,0,0,0,0,2,,,0,Emerson,0.0,107,False,,,55,109533.jpg,2.2,Palmieri dos Santos,0.8,False,,a,6,8,22,0,0,0,0,0.0,0.0,Emerson,660,0,0,2,11,0,0,0,0,0,0,1,130,104.6,113.8,81.0,30.0
131,,,135363,0,0,0,0,0,2,,,0,Andreas,0.0,108,False,,,50,135363.jpg,2.8,Christensen,0.7,False,,a,6,8,22,0,0,0,0,0.0,0.0,Christensen,615,0,0,3,7,0,0,0,1,0,0,0,133,120.6,8.4,6.0,13.6
132,,,105700,0,0,0,0,0,2,,,0,Davide,0.0,109,False,,,45,105700.jpg,2.3,Zappacosta,0.5,False,,a,6,8,9,0,0,0,0,0.0,0.0,Zappacosta,125,0,0,1,0,0,0,0,0,0,0,0,30,17.4,14.7,29.0,6.1
133,,,44346,0,0,0,0,0,4,,,0,Olivier,0.0,110,False,,,70,44346.jpg,2.0,Giroud,2.8,False,,a,6,8,55,0,0,0,0,0.0,0.0,Giroud,828,2,4,6,5,0,0,0,1,0,0,2,169,183.2,253.6,519.0,94.5
134,,,109745,0,0,0,0,0,1,,,0,Kepa,0.0,111,False,,,55,109745.jpg,3.9,Arrizabalaga,6.6,False,,a,6,8,142,0,0,0,0,0.0,0.0,Kepa,3240,0,0,14,39,0,1,0,2,0,82,7,685,681.0,0.1,0.0,68.0
135,,,20310,0,0,0,0,0,1,,,0,Willy,0.0,112,False,,,50,20310.jpg,6.5,Caballero,0.3,False,,a,6,8,13,0,0,0,0,0.0,0.0,Caballero,180,0,0,2,0,0,0,0,0,0,3,0,45,24.6,1.0,0.0,2.6
136,75.0,,47431,0,0,0,0,0,3,,,0,Willian,0.0,113,False,Knee injury - 75% chance of playing,2019-07-30T11:00:13.285605Z,70,47431.jpg,3.4,Borges Da Silva,2.6,False,,d,6,8,108,0,0,0,0,0.0,0.0,Willian,2091,3,7,11,25,0,0,0,2,0,0,6,475,557.6,1165.5,742.0,246.7
137,,,49579,0,0,0,0,0,3,,,0,Pedro,0.0,114,False,,,70,49579.jpg,3.6,Rodríguez Ledesma,2.9,False,,a,6,8,112,0,0,0,0,0.0,0.0,Pedro,1768,8,2,7,19,0,0,0,2,0,0,12,440,530.2,503.5,733.0,176.5
138,0.0,,126187,0,0,0,0,0,3,,,0,Ruben,0.0,115,False,Achilles injury - Unknown return date,2019-06-25T11:30:07.068350Z,65,126187.jpg,3.3,Loftus-Cheek,0.2,False,,i,6,8,79,0,0,0,0,0.0,0.0,Loftus-Cheek,980,6,2,5,9,0,0,0,0,0,0,6,292,391.6,254.9,346.0,99.4
139,0.0,,209046,0,0,0,0,0,3,,,0,Callum,0.0,116,False,Achilles injury - Unknown return date,2019-06-25T11:30:07.083018Z,60,209046.jpg,1.8,Hudson-Odoi,0.4,False,,i,6,8,18,0,0,0,0,0.0,0.0,Hudson-Odoi,388,0,1,2,5,0,0,0,0,0,0,1,83,89.2,143.2,133.0,36.2
140,,,88894,0,0,0,0,0,3,,,0,Ross,0.0,117,False,,,60,88894.jpg,2.9,Barkley,5.4,False,,a,6,8,79,0,0,0,0,0.0,0.0,Barkley,1231,3,5,7,13,0,0,0,1,0,0,5,300,324.0,349.0,429.0,110.0
141,,,85955,0,0,0,0,0,3,,,0,Jorge Luiz,0.0,118,False,,,50,85955.jpg,2.6,Frello Filho,3.5,False,,a,6,8,96,0,0,0,0,0.0,0.0,Jorginho,3156,2,0,16,37,0,0,0,8,0,0,4,577,691.4,628.4,122.0,144.2
142,75.0,,116594,0,0,0,0,0,3,,,0,N'Golo,0.0,119,False,Knee injury - 75% chance of playing,2019-07-22T00:00:07.168993Z,50,116594.jpg,3.2,Kanté,9.6,False,,d,6,8,116,0,0,0,0,0.0,0.0,Kanté,3092,4,4,14,38,0,0,0,3,0,0,3,563,683.6,766.3,412.0,186.4
143,,,61603,0,0,0,0,0,3,,,0,Daniel,0.0,120,False,,,45,61603.jpg,0.0,Drinkwater,0.7,False,,a,6,8,0,0,0,0,0,0.0,0.0,Drinkwater,0,0,0,0,0,0,0,0,0,0,0,0,0,0.0,0.0,0.0,0.0
144,0.0,,199598,0,0,0,0,0,3,,,0,Ethan,0.0,121,False,Joined RB Leipzig on loan until the end of the season on 22/7. - Expected back 01 Jul,2019-07-22T13:30:07.199042Z,45,199598.jpg,0.0,Ampadu,0.1,False,,n,6,8,0,0,0,0,0,0.0,0.0,Ampadu,0,0,0,0,0,0,0,0,0,0,0,0,0,0.0,0.0,0.0,0.0
145,,,176413,0,0,0,0,0,3,,,0,Christian,0.0,431,False,,,75,176413.jpg,0.0,Pulisic,9.4,False,,a,6,8,0,0,0,0,0,0.0,0.0,Pulisic,0,0,0,0,0,0,0,0,0,0,0,0,0,0.0,0.0,0.0,0.0
146,,,91651,0,0,0,0,0,3,,,0,Mateo,0.0,432,False,,,55,91651.jpg,2.0,Kovacic,0.8,False,,a,6,8,64,0,0,0,0,0.0,0.0,Kovacic,1725,0,2,9,19,0,0,0,3,0,0,2,343,315.4,468.8,311.0,109.9
147,,,103192,0,0,0,0,0,2,,,0,Kurt,0.0,459,False,,,50,103192.jpg,3.5,Zouma,1.4,False,,a,6,8,112,0,0,0,0,0.0,0.0,Zouma,2613,2,2,10,39,0,0,0,3,1,0,12,543,565.2,83.7,235.0,88.8
148,,,173879,0,0,0,0,0,4,,,0,Tammy,0.0,460,False,,,70,173879.jpg,0.0,Abraham,2.0,False,,a,6,8,0,0,0,0,0,0.0,0.0,Abraham,0,0,0,0,0,0,0,0,0,0,0,0,0,0.0,0.0,0.0,0.0
149,,,94245,0,0,0,0,0,4,,,0,Michy,0.0,461,False,,,70,94245.jpg,4.4,Batshuayi,0.8,False,,a,6,8,48,0,0,0,0,0.0,0.0,Batshuayi,748,5,1,3,11,0,0,0,0,0,0,5,159,198.6,41.4,406.0,64.2
150,,,167767,0,0,0,0,0,3,,,0,Robert Kenedy,0.0,462,False,,,55,167767.jpg,2.0,Nunes do Nascimento,0.1,False,,a,6,8,50,0,0,0,0,0.0,0.0,Kenedy,1337,1,1,6,18,0,0,1,1,0,0,1,161,212.8,187.9,297.0,69.8
151,,,184341,0,0,0,0,0,3,,,0,Mason,0.0,463,False,,,60,184341.jpg,0.0,Mount,1.1,False,,a,6,8,0,0,0,0,0,0.0,0.0,Mount,0,0,0,0,0,0,0,0,0,0,0,0,0,0.0,0.0,0.0,0.0
152,,,74230,0,0,0,0,0,2,,,0,Patrick,0.0,123,False,,,55,74230.jpg,3.9,van Aanholt,7.3,False,,a,7,31,140,0,0,0,0,0.0,0.0,van Aanholt,3196,3,2,12,46,0,0,0,3,0,0,17,626,616.0,520.4,448.0,158.7
153,0.0,,49413,0,0,0,0,0,2,,,0,James,0.0,124,False,Groin Injury - Unknown return date,2019-06-25T11:30:07.097330Z,50,49413.jpg,3.0,Tomkins,0.0,False,,i,7,31,86,0,0,0,0,0.0,0.0,Tomkins,2561,1,1,10,37,0,0,0,6,0,0,0,504,560.8,83.0,276.0,92.3
154,75.0,,40784,0,0,0,0,0,2,,,0,Mamadou,0.0,125,False,Lack of match fitness - 75% chance of playing,2019-06-25T11:30:07.112991Z,50,40784.jpg,3.3,Sakho,0.1,False,,d,7,31,88,0,0,0,0,0.0,0.0,Sakho,2416,0,0,9,35,0,0,0,2,0,0,13,533,540.6,78.2,47.0,66.6
155,,,55494,0,0,0,0,0,2,,,0,Joel,0.0,126,False,,,45,55494.jpg,1.9,Ward,0.5,False,,a,7,31,13,0,0,0,0,0.0,0.0,Ward,551,1,0,0,14,0,0,0,1,0,0,0,68,131.8,28.9,43.0,20.5
156,,,19188,0,0,0,0,0,2,,,0,Scott,0.0,127,False,,,45,19188.jpg,2.3,Dann,0.3,False,,a,7,31,23,0,0,0,0,0.0,0.0,Dann,661,0,1,2,10,0,0,0,1,0,0,0,129,186.2,22.5,71.0,28.1
157,,,58786,0,0,0,0,0,2,,,0,Martin,0.0,128,False,,,40,58786.jpg,2.0,Kelly,24.9,False,,a,7,31,26,0,0,0,0,0.0,0.0,Kelly,1110,0,0,3,21,1,0,0,2,0,0,1,166,269.8,17.1,34.0,32.2
158,,,54861,0,0,0,0,0,4,,,0,Christian,0.0,129,False,,,60,54861.jpg,2.1,Benteke,0.9,False,,a,7,31,33,0,0,0,0,0.0,0.0,Benteke,807,1,1,3,13,0,0,0,1,0,0,3,65,106.0,118.4,348.0,56.1
159,,,59125,0,0,0,0,0,4,,,0,Connor,0.0,130,False,,,45,59125.jpg,1.5,Wickham,3.3,False,,a,7,31,9,0,0,0,0,0.0,0.0,Wickham,61,0,1,0,1,0,0,0,0,0,0,0,23,23.2,41.9,55.0,12.0
160,,,40836,0,0,0,0,0,1,,,0,Vicente,0.0,131,False,,,50,40836.jpg,4.0,Guaita,0.6,False,,a,7,31,81,0,0,0,0,0.0,0.0,Guaita,1754,0,0,7,23,0,0,0,2,0,64,8,378,448.0,0.0,0.0,44.8
161,,,20066,0,0,0,0,0,1,,,0,Wayne,0.0,132,False,,,45,20066.jpg,3.7,Hennessey,1.4,False,,a,7,31,67,0,0,0,0,0.0,0.0,Hennessey,1575,0,0,5,26,0,1,0,0,0,44,6,311,358.8,0.0,0.0,35.9
162,,,82403,0,0,0,0,0,3,,,0,Wilfried,0.0,133,False,,,70,82403.jpg,4.2,Zaha,26.0,False,,a,7,31,143,0,0,0,0,0.0,0.0,Zaha,3037,10,11,11,49,0,0,0,8,1,0,13,459,752.8,753.3,1200.0,270.6
163,,,66975,0,0,0,0,0,3,,,0,Luka,0.0,134,False,,,70,66975.jpg,4.4,Milivojevic,11.3,False,,a,7,31,166,0,0,0,0,0.0,0.0,Milivojevic,3420,12,2,12,53,0,0,1,10,0,0,24,741,1078.2,910.1,473.0,246.3
164,,,60252,0,0,0,0,0,3,,,0,Andros,0.0,135,False,,,60,60252.jpg,3.6,Townsend,3.9,False,,a,7,31,135,0,0,0,0,0.0,0.0,Townsend,3007,6,5,11,46,0,0,0,1,0,0,8,520,743.0,928.5,622.0,229.6
165,,,141020,0,0,0,0,0,3,,,0,Max,0.0,136,False,,,55,141020.jpg,2.1,Meyer,0.2,False,,a,7,31,60,0,0,0,0,0.0,0.0,Meyer,1405,1,3,6,24,0,0,0,3,0,0,0,223,236.0,309.9,433.0,98.0
166,100.0,,86417,0,0,0,0,0,3,,,0,Jeffrey,0.0,137,False,,2019-06-25T11:30:07.127981Z,55,86417.jpg,3.0,Schlupp,0.2,False,,a,7,31,91,0,0,0,0,0.0,0.0,Schlupp,1660,4,3,4,26,0,0,0,1,0,0,3,301,385.2,240.5,430.0,105.7
167,,,50471,0,0,0,0,0,3,,,0,James,0.0,138,False,,,55,50471.jpg,3.2,McArthur,2.1,False,,a,7,31,121,0,0,0,0,0.0,0.0,McArthur,3057,3,7,11,49,0,0,0,7,0,0,7,500,666.8,457.2,487.0,161.3
168,,,55037,0,0,0,0,0,3,,,0,Cheikhou,0.0,139,False,,,50,55037.jpg,2.2,Kouyaté,0.2,False,,a,7,31,67,0,0,0,0,0.0,0.0,Kouyaté,1889,0,3,9,30,0,0,0,3,0,0,0,251,337.4,198.5,222.0,75.6
169,,,221275,0,0,0,0,0,3,,,0,Luke,0.0,140,False,,,45,221275.jpg,1.0,Dreher,0.1,False,,a,7,31,1,0,0,0,0,0.0,0.0,Dreher,1,0,0,0,0,0,0,0,0,0,0,0,3,0.2,0.6,0.0,0.1
170,,,80146,0,0,0,0,0,4,,,0,Jordan,0.0,468,False,,,50,80146.jpg,2.3,Ayew,1.6,False,,a,7,31,46,0,0,0,0,0.0,0.0,Ayew,1176,1,3,5,13,0,0,0,3,0,0,2,114,140.2,207.3,421.0,76.7
171,,,101188,0,0,0,0,0,2,,,0,Lucas,0.0,141,False,,,60,101188.jpg,4.5,Digne,26.7,False,,a,8,11,158,0,0,0,0,0.0,0.0,Digne,2964,4,5,13,38,1,0,0,5,1,0,22,736,883.0,1142.0,300.0,232.7
172,,,164511,0,0,0,0,0,2,,,0,Yerry,0.0,142,False,,,55,164511.jpg,2.8,Mina,0.6,False,,a,8,11,36,0,0,0,0,0.0,0.0,Mina,891,1,0,3,13,0,0,0,3,0,0,2,176,198.2,37.5,61.0,29.6
173,,,106611,0,0,0,0,0,2,,,0,Michael,0.0,143,False,,,55,106611.jpg,3.9,Keane,2.6,False,,a,8,11,129,0,0,0,0,0.0,0.0,Keane,2970,1,2,13,39,0,0,0,2,0,0,15,642,740.2,101.2,326.0,117.2
174,,,59949,0,0,0,0,0,2,,,0,Seamus,0.0,144,False,,,55,59949.jpg,4.3,Coleman,3.8,False,,a,8,11,125,0,0,0,0,0.0,0.0,Coleman,2558,2,2,13,30,1,0,0,1,0,0,12,548,515.2,387.3,274.0,117.6
175,75.0,,12745,0,0,0,0,0,2,,,0,Leighton,0.0,145,False,Knock - 75% chance of playing,2019-07-30T15:00:09.168977Z,50,12745.jpg,1.2,Baines,0.3,False,,d,8,11,7,0,0,0,0,0.0,0.0,Baines,374,0,0,0,6,0,0,0,0,0,0,0,48,48.4,91.4,15.0,15.4
176,75.0,,66838,0,0,0,0,0,4,,,0,Cenk,0.0,146,False,Knee injury - 75% chance of playing,2019-07-30T15:00:09.183258Z,60,66838.jpg,2.2,Tosun,0.2,False,,d,8,11,56,0,0,0,0,0.0,0.0,Tosun,1044,3,3,1,17,0,0,0,3,0,0,3,166,212.6,172.2,546.0,92.8
177,,,177815,0,0,0,0,0,4,,,0,Dominic,0.0,147,False,,,60,177815.jpg,2.6,Calvert-Lewin,3.2,False,,a,8,11,92,0,0,0,0,0.0,0.0,Calvert-Lewin,1769,6,5,8,26,0,0,0,3,0,0,3,267,321.8,185.7,618.0,111.5
178,,,111234,0,0,0,0,0,1,,,0,Jordan,0.0,148,False,,,55,111234.jpg,4.2,Pickford,10.2,False,,a,8,11,161,0,0,0,0,0.0,0.0,Pickford,3420,0,0,14,46,0,3,0,1,0,94,13,706,776.4,10.0,0.0,78.5
179,,,10318,0,0,0,0,0,1,,,0,Maarten,0.0,149,False,,,40,10318.jpg,0.0,Stekelenburg,6.7,False,,a,8,11,0,0,0,0,0,0.0,0.0,Stekelenburg,0,0,0,0,0,0,0,0,0,0,0,0,0,0.0,0.0,0.0,0.0
180,,,212319,0,0,0,0,0,3,,,0,Richarlison,0.0,150,False,,,80,212319.jpg,4.4,de Andrade,9.9,False,,a,8,11,153,0,0,0,0,0.0,0.0,Richarlison,2662,13,3,11,36,0,0,0,5,1,0,12,400,698.4,350.7,1209.0,224.5
181,,,55422,0,0,0,0,0,3,,,0,Gylfi,0.0,151,False,,,80,55422.jpg,4.8,Sigurdsson,15.0,False,,a,8,11,182,0,0,0,0,0.0,0.0,Sigurdsson,3122,13,6,15,41,0,0,3,3,0,0,20,662,959.8,1098.5,1084.0,314.2
182,,,100649,0,0,0,0,0,3,,,0,Bernard,0.0,152,False,,,65,100649.jpg,2.6,Anício Caldeira Duarte,0.5,False,,a,8,11,88,0,0,0,0,0.0,0.0,Bernard,2108,1,4,13,19,0,0,0,5,0,0,5,319,366.0,589.6,377.0,133.3
183,,,20467,0,0,0,0,0,3,,,0,Theo,0.0,153,False,,,65,20467.jpg,2.7,Walcott,0.8,False,,a,8,11,101,0,0,0,0,0.0,0.0,Walcott,2108,5,3,6,33,0,0,0,1,0,0,4,292,420.0,342.9,699.0,145.7
184,,,173807,0,0,0,0,0,3,,,0,Tom,0.0,154,False,,,55,173807.jpg,1.6,Davies,0.2,False,,a,8,11,26,0,0,0,0,0.0,0.0,Davies,975,0,0,2,19,0,0,0,3,0,0,0,127,122.6,96.2,103.0,32.1
185,0.0,,219352,0,0,0,0,0,3,,,0,Ademola,0.0,155,False,Joined RB Leipzig on a permanent deal on 25/7,2019-07-25T09:00:14.381716Z,50,219352.jpg,1.6,Lookman,0.1,False,,u,8,11,34,0,0,0,0,0.0,0.0,Lookman,600,0,3,1,8,0,0,0,0,0,0,0,110,131.4,172.1,211.0,51.6
186,0.0,,80801,0,0,0,0,0,3,,,0,Idrissa,0.0,156,False,Joined PSG on a permanent deal on 30/7,2019-07-30T09:00:05.841634Z,50,80801.jpg,2.4,Gueye,0.2,False,,u,8,11,78,0,0,0,0,0.0,0.0,Gueye,2821,0,2,13,31,0,0,0,6,0,0,0,472,629.2,311.3,168.0,111.1
187,,,50472,0,0,0,0,0,3,,,0,James,0.0,157,False,,,45,50472.jpg,1.0,McCarthy,0.4,False,,a,8,11,1,0,0,0,0,0.0,0.0,McCarthy,14,0,0,0,0,0,0,0,0,0,0,0,3,5.2,0.1,0.0,0.5
188,,,42774,0,0,0,0,0,3,,,0,Morgan,0.0,158,False,,,45,42774.jpg,2.0,Schneiderlin,1.0,False,,a,8,11,28,0,0,0,0,0.0,0.0,Schneiderlin,832,0,1,5,9,0,0,0,2,0,0,0,152,151.6,124.7,17.0,29.4
189,,,41823,0,0,0,0,0,2,,,0,Fabian,0.0,205,False,,,55,41823.jpg,2.6,Delph,1.7,False,,a,8,11,29,0,0,0,0,0.0,0.0,Delph,722,0,1,3,9,0,0,0,1,1,0,2,186,153.8,97.8,24.0,27.5
190,,,120250,0,0,0,0,0,3,,,0,André Filipe,0.0,422,False,,,55,120250.jpg,2.4,Tavares Gomes,1.3,False,,a,8,11,64,0,0,0,0,0.0,0.0,André Gomes,1977,1,2,9,28,0,0,0,7,0,0,2,268,268.4,154.6,207.0,63.1
191,,,232964,0,0,0,0,0,2,,,0,Lewis,0.0,477,False,,,45,232964.jpg,0.0,Gibson,0.1,False,,a,8,11,0,0,0,0,0,0.0,0.0,Gibson,0,0,0,0,0,0,0,0,0,0,0,0,0,0.0,0.0,0.0,0.0
192,,,194164,0,0,0,0,0,2,,,0,Mason,0.0,478,False,,,45,194164.jpg,1.0,Holgate,0.1,False,,a,8,11,5,0,0,0,0,0.0,0.0,Holgate,407,0,0,0,9,0,0,0,1,0,0,0,61,92.2,5.0,2.0,9.9
193,,,57513,0,0,0,0,0,1,,,0,Jonas,0.0,479,False,,,45,57513.jpg,3.2,Lössl,0.3,False,,a,8,11,99,0,0,0,0,0.0,0.0,Lössl,2777,0,1,5,54,0,1,0,1,0,88,9,541,764.2,40.3,4.0,80.7
194,,,111931,0,0,0,0,0,2,,,0,Ricardo Domingos,0.0,159,False,,,60,111931.jpg,4.2,Barbosa Pereira,7.5,False,,a,9,13,146,0,0,0,0,0.0,0.0,Pereira,3123,2,8,10,45,0,0,0,7,0,0,22,693,889.0,517.6,430.0,183.7
195,,,95658,0,0,0,0,0,2,,,0,Harry,0.0,160,False,,,55,95658.jpg,3.0,Maguire,12.6,False,,a,9,13,92,0,0,0,0,0.0,0.0,Maguire,2596,3,1,6,41,0,0,0,6,1,0,10,533,715.8,165.3,462.0,134.3
196,,,172850,0,0,0,0,0,2,,,0,Benjamin,0.0,161,False,,,55,172850.jpg,3.3,Chilwell,6.0,False,,a,9,13,118,0,0,0,0,0.0,0.0,Chilwell,3240,0,5,10,43,0,0,0,4,0,0,8,578,721.0,674.6,298.0,170.0
197,,,37642,0,0,0,0,0,2,,,0,Jonny,0.0,162,False,,,50,37642.jpg,3.2,Evans,0.6,False,,a,9,13,77,0,0,0,0,0.0,0.0,Evans,1993,1,0,8,26,0,0,0,2,0,0,3,418,460.0,66.1,158.0,68.5
198,,,37402,0,0,0,0,0,2,,,0,Christian,0.0,163,False,,,45,37402.jpg,1.0,Fuchs,0.4,False,,a,9,13,3,0,0,0,0,0.0,0.0,Fuchs,206,0,0,0,5,0,0,0,0,0,0,0,38,50.4,85.6,14.0,14.9
199,,,218031,0,0,0,0,0,2,,,0,Çaglar,0.0,164,False,,,45,218031.jpg,1.5,Söyüncü,0.2,False,,a,9,13,9,0,0,0,0,0.0,0.0,Söyüncü,371,0,0,0,4,0,0,0,1,0,0,0,48,76.6,6.8,22.0,10.6
200,,,15033,0,0,0,0,0,2,,,0,Wes,0.0,165,False,,,45,15033.jpg,3.5,Morgan,1.3,False,,a,9,13,76,0,0,0,0,0.0,0.0,Morgan,1924,3,0,6,28,0,0,0,1,2,0,7,365,471.0,40.1,293.0,80.5
201,,,101668,0,0,0,0,0,4,,,0,Jamie,0.0,166,False,,,90,101668.jpg,5.1,Vardy,10.3,False,,a,9,13,174,0,0,0,0,0.0,0.0,Vardy,2726,18,5,11,36,0,0,1,3,1,0,31,598,822.0,419.9,1206.0,244.6
202,,,173515,0,0,0,0,0,4,,,0,Kelechi,0.0,167,False,,,60,173515.jpg,1.9,Iheanacho,0.4,False,,a,9,13,58,0,0,0,0,0.0,0.0,Iheanacho,924,1,5,1,16,0,0,0,2,0,0,3,160,135.8,209.4,230.0,56.9
203,,,17745,0,0,0,0,0,1,,,0,Kasper,0.0,168,False,,,50,17745.jpg,3.2,Schmeichel,5.6,False,,a,9,13,120,0,0,0,0,0.0,0.0,Schmeichel,3420,0,0,10,48,0,0,0,3,0,90,6,618,756.8,10.0,4.0,76.9
204,,,11974,0,0,0,0,0,1,,,0,Eldin,0.0,169,False,,,45,11974.jpg,0.0,Jakupovic,0.2,False,,a,9,13,0,0,0,0,0,0.0,0.0,Jakupovic,0,0,0,0,0,0,0,0,0,0,0,0,0,0.0,0.0,0.0,0.0
205,,,95463,0,0,0,0,0,1,,,0,Danny,0.0,170,False,,,45,95463.jpg,0.0,Ward,0.2,False,,a,9,13,0,0,0,0,0,0.0,0.0,Ward,0,0,0,0,0,0,0,0,0,0,0,0,0,0.0,0.0,0.0,0.0
206,,,172780,0,0,0,0,0,3,,,0,James,0.0,171,False,,,70,172780.jpg,3.8,Maddison,13.0,False,,a,9,13,137,0,0,0,0,0.0,0.0,Maddison,2831,7,7,8,44,0,0,1,3,1,0,12,619,801.4,1515.0,769.0,308.4
207,,,201666,0,0,0,0,0,3,,,0,Harvey,0.0,172,False,,,60,201666.jpg,2.7,Barnes,0.3,False,,a,9,13,43,0,0,0,0,0.0,0.0,Barnes,1001,1,3,1,16,0,0,0,0,0,0,1,139,172.8,242.0,534.0,94.8
208,,,115858,0,0,0,0,0,3,,,0,Rachid,0.0,173,False,,,55,115858.jpg,1.5,Ghezzal,0.1,False,,a,9,13,28,0,0,0,0,0.0,0.0,Ghezzal,733,1,0,1,13,0,0,0,3,0,0,2,112,147.8,307.0,228.0,68.3
209,,,51938,0,0,0,0,0,3,,,0,Marc,0.0,174,False,,,55,51938.jpg,2.3,Albrighton,0.3,False,,a,9,13,63,0,0,0,0,0.0,0.0,Albrighton,1617,2,2,5,17,0,0,0,3,0,0,4,279,371.2,446.8,242.0,106.1
210,,,172632,0,0,0,0,0,3,,,0,Demarai,0.0,175,False,,,55,172632.jpg,2.5,Gray,0.7,False,,a,9,13,84,0,0,0,0,0.0,0.0,Gray,1978,4,1,6,29,0,0,0,2,0,0,3,244,320.2,310.2,599.0,122.5
211,,,203341,0,0,0,0,0,3,,,0,Wilfred,0.0,176,False,,,50,203341.jpg,2.3,Ndidi,1.1,False,,a,9,13,89,0,0,0,0,0.0,0.0,Ndidi,3295,2,0,9,47,0,0,0,8,0,0,4,571,726.0,342.4,346.0,141.6
212,,,61604,0,0,0,0,0,3,,,0,Matty,0.0,177,False,,,45,61604.jpg,0.0,James,0.3,False,,a,9,13,0,0,0,0,0,0.0,0.0,James,0,0,0,0,0,0,0,0,0,0,0,0,0,0.0,0.0,0.0,0.0
213,100.0,,155569,0,0,0,0,0,3,,,0,Daniel,0.0,178,False,,2019-06-25T11:30:07.144362Z,45,155569.jpg,1.7,Amartey,0.2,False,,a,9,13,15,0,0,0,0,0.0,0.0,Amartey,639,0,0,1,9,0,0,0,2,0,0,0,103,139.0,46.7,21.0,20.8
214,75.0,,86881,0,0,0,0,0,3,,,0,Nampalys,0.0,179,False,Knock - 75% chance of playing,2019-07-30T15:00:09.217034Z,45,86881.jpg,1.9,Mendy,2.0,False,,d,9,13,58,0,0,0,0,0.0,0.0,Mendy,2085,0,1,7,29,0,0,0,5,0,0,0,291,235.8,135.5,23.0,39.5
215,,,197469,0,0,0,0,0,3,,,0,Hamza,0.0,180,False,,,45,197469.jpg,2.2,Choudhury,0.6,False,,a,9,13,20,0,0,0,0,0.0,0.0,Choudhury,593,0,0,4,4,0,0,0,0,0,0,0,80,119.6,73.7,51.0,24.6
216,,,168580,0,0,0,0,0,3,,,0,Ayoze,0.0,265,False,,,65,168580.jpg,3.8,Pérez,12.2,False,,a,9,13,141,0,0,0,0,0.0,0.0,Pérez,2916,12,2,11,35,0,0,0,2,0,0,19,541,783.6,585.6,954.0,232.1
217,,,220627,0,0,0,0,0,2,,,0,James,0.0,433,False,,,50,220627.jpg,0.0,Justin,0.2,False,,a,9,13,0,0,0,0,0,0.0,0.0,Justin,0,0,0,0,0,0,0,0,0,0,0,0,0,0.0,0.0,0.0,0.0
218,,,166989,0,0,0,0,0,3,,,0,Youri,0.0,448,False,,,65,166989.jpg,4.8,Tielemans,6.8,False,,a,9,13,63,0,0,0,0,0.0,0.0,Tielemans,1087,3,5,3,14,0,0,0,2,0,0,6,267,299.0,269.7,249.0,81.8
219,,,13152,0,0,0,0,0,3,,,0,Andy,0.0,480,False,,,45,13152.jpg,0.0,King,0.2,False,,a,9,13,0,0,0,0,0,0.0,0.0,King,0,0,0,0,0,0,0,0,0,0,0,0,0,0.0,0.0,0.0,0.0
220,,,122798,0,0,0,0,0,2,,,0,Andrew,0.0,181,False,,,70,122798.jpg,5.9,Robertson,35.4,False,,a,10,14,213,0,0,0,0,0.0,0.0,Robertson,3216,0,12,21,20,0,0,0,4,0,0,29,906,748.8,767.2,318.0,183.6
221,,,169187,0,0,0,0,0,2,,,0,Trent,0.0,182,False,,,70,169187.jpg,6.4,Alexander-Arnold,27.8,False,,a,10,14,185,0,0,0,0,0.0,0.0,Alexander-Arnold,2460,1,13,16,14,0,0,0,3,0,0,25,753,734.4,837.4,276.0,184.7
222,,,97032,0,0,0,0,0,2,,,0,Virgil,0.0,183,False,,,65,97032.jpg,5.5,van Dijk,45.1,False,,a,10,14,208,0,0,0,0,0.0,0.0,van Dijk,3384,4,4,20,22,0,0,0,1,0,0,22,932,993.6,111.1,455.0,156.1
223,,,171287,0,0,0,0,0,2,,,0,Joseph,0.0,184,False,,,55,171287.jpg,3.4,Gomez,1.5,False,,a,10,14,55,0,0,0,0,0.0,0.0,Gomez,1059,0,0,7,4,0,0,0,2,0,0,2,268,209.8,92.1,44.0,34.7
224,,,60914,0,0,0,0,0,2,,,0,Joel,0.0,185,False,,,55,60914.jpg,3.8,Matip,0.9,False,,a,10,14,83,0,0,0,0,0.0,0.0,Matip,1535,1,0,9,12,0,0,0,3,0,0,7,402,414.6,57.9,85.0,55.9
225,,,38454,0,0,0,0,0,2,,,0,Dejan,0.0,186,False,,,55,38454.jpg,4.8,Lovren,0.3,False,,a,10,14,63,0,0,0,0,0.0,0.0,Lovren,986,1,1,6,7,0,0,0,1,0,0,9,258,255.8,29.1,72.0,35.7
226,,,92217,0,0,0,0,0,4,,,0,Roberto,0.0,187,False,,,95,92217.jpg,4.7,Firmino,9.2,False,,a,10,14,160,0,0,0,0,0.0,0.0,Firmino,2606,12,8,19,15,0,0,0,0,0,0,24,647,774.8,670.1,1240.0,267.8
227,,,152760,0,0,0,0,0,4,,,0,Divock,0.0,188,False,,,55,152760.jpg,2.7,Origi,2.6,False,,a,10,14,32,0,0,0,0,0.0,0.0,Origi,364,3,1,3,2,0,0,0,0,0,0,1,122,143.4,45.0,195.0,38.2
228,,,116535,0,0,0,0,0,1,,,0,Alisson,0.0,189,False,,,60,116535.jpg,4.6,Ramses Becker,32.9,False,,a,10,14,176,0,0,0,0,0.0,0.0,Alisson,3420,0,0,21,22,0,0,0,1,0,76,9,771,677.0,0.1,0.0,67.6
229,,,66797,0,0,0,0,0,1,,,0,Simon,0.0,190,False,,,45,66797.jpg,0.0,Mignolet,0.2,False,,a,10,14,0,0,0,0,0,0.0,0.0,Mignolet,0,0,0,0,0,0,0,0,0,0,0,0,0,0.0,0.0,0.0,0.0
230,,,118748,0,0,0,0,0,3,,,0,Mohamed,0.0,191,False,,,125,118748.jpg,6.8,Salah,36.0,False,,a,10,14,259,0,0,0,0,0.0,0.0,Salah,3254,22,12,21,20,0,0,0,1,0,0,18,687,1186.8,973.9,2168.0,432.7
231,,,110979,0,0,0,0,0,3,,,0,Sadio,0.0,192,False,,,115,110979.jpg,6.4,Mané,20.3,False,,a,10,14,231,0,0,0,0,0.0,0.0,Mané,3076,22,3,19,21,0,0,0,2,0,0,24,703,1015.8,692.8,1332.0,304.0
232,,,81880,0,0,0,0,0,3,,,0,Alex,0.0,193,False,,,65,81880.jpg,1.0,Oxlade-Chamberlain,0.7,False,,a,10,14,2,0,0,0,0,0.0,0.0,Chamberlain,19,0,0,0,0,0,0,0,0,0,0,0,7,10.2,10.8,19.0,4.0
233,100.0,,68312,0,0,0,0,0,3,,,0,Xherdan,0.0,194,False,,2019-07-15T10:00:11.336279Z,65,68312.jpg,3.7,Shaqiri,0.3,False,,a,10,14,88,0,0,0,0,0.0,0.0,Shaqiri,1052,6,5,7,6,0,0,0,2,0,0,4,302,363.6,344.7,282.0,99.1
234,,,39155,0,0,0,0,0,3,,,0,Adam,0.0,195,False,,,60,39155.jpg,1.8,Lallana,0.1,False,,a,10,14,23,0,0,0,0,0.0,0.0,Lallana,460,0,1,3,3,0,0,0,1,0,0,0,96,85.4,139.0,113.0,33.8
235,,,175592,0,0,0,0,0,3,,,0,Naby,0.0,196,False,,,60,175592.jpg,2.7,Keita,0.5,False,,a,10,14,67,0,0,0,0,0.0,0.0,Keita,1385,2,1,10,8,0,0,0,0,0,0,3,246,293.6,213.1,356.0,86.3
236,,,116643,0,0,0,0,0,3,,,0,Fabio Henrique,0.0,197,False,,,55,116643.jpg,2.3,Tavares,0.8,False,,a,10,14,65,0,0,0,0,0.0,0.0,Fabinho,2011,1,2,11,14,0,0,0,6,0,0,0,305,406.2,283.4,173.0,86.4
237,,,56979,0,0,0,0,0,3,,,0,Jordan,0.0,198,False,,,55,56979.jpg,2.4,Henderson,0.6,False,,a,10,14,76,0,0,0,0,0.0,0.0,Henderson,1976,1,3,12,14,0,0,0,1,1,0,2,397,358.8,311.7,182.0,85.4
238,,,41733,0,0,0,0,0,3,,,0,Georginio,0.0,199,False,,,55,41733.jpg,3.1,Wijnaldum,2.4,False,,a,10,14,108,0,0,0,0,0.0,0.0,Wijnaldum,2723,3,1,18,16,0,0,0,3,0,0,9,470,437.6,405.2,338.0,118.4
239,,,15157,0,0,0,0,0,3,,,0,James,0.0,200,False,,,55,15157.jpg,3.3,Milner,1.2,False,,a,10,14,101,0,0,0,0,0.0,0.0,Milner,1778,5,5,9,13,0,0,0,5,1,0,12,448,587.2,725.2,374.0,169.2
240,0.0,,217989,0,0,0,0,0,3,,,0,Rafael,0.0,201,False,Joined Sporting CP on a permanent deal on 27/6,2019-07-02T09:00:13.203360Z,45,217989.jpg,1.0,Camacho,0.0,False,,u,10,14,1,0,0,0,0,0.0,0.0,Camacho,1,0,0,0,1,0,0,0,0,0,0,0,3,2.0,0.0,0.0,0.2
241,,,195473,0,0,0,0,0,4,,,0,Rhian,0.0,464,False,,,45,195473.jpg,0.0,Brewster,0.6,False,,a,10,14,0,0,0,0,0,0.0,0.0,Brewster,0,0,0,0,0,0,0,0,0,0,0,0,0,0.0,0.0,0.0,0.0
242,,,146941,0,0,0,0,0,2,,,0,Aymeric,0.0,202,False,,,65,146941.jpg,5.1,Laporte,19.8,False,,a,11,43,177,0,0,0,0,0.0,0.0,Laporte,3056,3,3,18,21,0,0,0,3,0,0,16,768,790.0,239.3,278.0,131.2
243,,,58621,0,0,0,0,0,2,,,0,Kyle,0.0,203,False,,,60,58621.jpg,4.5,Walker,15.9,False,,a,11,43,150,0,0,0,0,0.0,0.0,Walker,2776,1,1,18,17,0,0,0,3,0,0,11,684,498.8,448.4,183.0,113.1
244,25.0,,102826,0,0,0,0,0,2,,,0,Benjamin,0.0,204,False,Knee injury - 25% chance of playing,2019-07-19T08:30:13.863724Z,60,102826.jpg,5.9,Mendy,1.9,False,,d,11,43,59,0,0,0,0,0.0,0.0,Mendy,900,0,6,4,6,0,0,0,1,0,0,6,262,250.8,222.7,70.0,54.2
245,,,206325,0,0,0,0,0,2,,,0,Oleksandr,0.0,206,False,,,55,206325.jpg,3.1,Zinchenko,6.1,False,,a,11,43,44,0,0,0,0,0.0,0.0,Zinchenko,1151,0,3,9,4,0,0,0,1,0,0,1,230,279.2,278.6,77.0,63.5
246,,,97299,0,0,0,0,0,2,,,0,John,0.0,207,False,,,55,97299.jpg,3.5,Stones,2.6,False,,a,11,43,83,0,0,0,0,0.0,0.0,Stones,1761,0,0,9,15,0,0,0,1,0,0,9,431,376.6,115.5,49.0,54.1
247,,,57410,0,0,0,0,0,2,,,0,Nicolás,0.0,208,False,,,55,57410.jpg,3.9,Otamendi,1.0,False,,a,11,43,70,0,0,0,0,0.0,0.0,Otamendi,1233,0,0,9,7,0,0,0,1,0,0,5,335,281.2,53.7,143.0,47.8
248,,,100180,0,0,0,0,0,2,,,0,Danilo Luiz,0.0,209,False,,,50,100180.jpg,4.2,da Silva,0.3,False,,a,11,43,46,0,0,0,0,0.0,0.0,Danilo,805,1,0,4,7,0,0,0,1,0,0,7,202,165.2,118.0,99.0,38.2
249,,,37572,0,0,0,0,0,4,,,0,Sergio,0.0,210,False,,,120,37572.jpg,6.1,Agüero,21.8,False,,a,11,43,201,0,0,0,0,0.0,0.0,Agüero,2457,21,11,17,15,0,0,0,4,0,0,26,740,946.6,523.7,1685.0,315.4
250,,,205651,0,0,0,0,0,4,,,0,Gabriel Fernando,0.0,211,False,,,95,205651.jpg,2.7,de Jesus,2.1,False,,a,11,43,79,0,0,0,0,0.0,0.0,Jesus,1017,7,3,2,11,0,0,0,1,0,0,7,259,395.2,300.5,864.0,156.3
251,,,121160,0,0,0,0,0,1,,,0,Ederson,0.0,212,False,,,60,121160.jpg,4.4,Santana de Moraes,18.0,False,,a,11,43,169,0,0,0,0,0.0,0.0,Ederson,3420,0,1,20,23,0,0,0,2,0,58,6,700,535.2,33.0,0.0,56.8
252,100.0,,33148,0,0,0,0,0,1,,,0,Claudio,0.0,213,False,,2019-06-25T11:30:07.160148Z,50,33148.jpg,0.0,Bravo,0.2,False,,a,11,43,0,0,0,0,0,0.0,0.0,Bravo,0,0,0,0,0,0,0,0,0,0,0,0,0,0.0,0.0,0.0,0.0
253,,,103955,0,0,0,0,0,3,,,0,Raheem,0.0,214,False,,,120,103955.jpg,6.9,Sterling,28.1,False,,a,11,43,234,0,0,0,0,0.0,0.0,Sterling,2770,17,15,17,19,0,0,0,3,0,0,25,743,1060.0,937.4,1572.0,357.1
254,,,61366,0,0,0,0,0,3,,,0,Kevin,0.0,215,False,,,95,61366.jpg,3.1,De Bruyne,15.3,False,,a,11,43,59,0,0,0,0,0.0,0.0,De Bruyne,968,2,3,6,3,0,0,0,2,0,0,8,268,301.4,562.3,317.0,117.9
255,,,182156,0,0,0,0,0,3,,,0,Leroy,0.0,216,False,,,95,182156.jpg,5.0,Sané,3.0,False,,a,11,43,156,0,0,0,0,0.0,0.0,Sané,1857,10,12,9,14,0,0,0,1,0,0,13,520,716.8,645.0,1039.0,240.3
256,,,103025,0,0,0,0,0,3,,,0,Riyad,0.0,217,False,,,85,103025.jpg,3.8,Mahrez,1.2,False,,a,11,43,102,0,0,0,0,0.0,0.0,Mahrez,1331,7,4,4,9,0,0,1,0,0,0,14,349,459.4,450.8,731.0,164.1
257,,,165809,0,0,0,0,0,3,,,0,Bernardo Mota,0.0,218,False,,,80,165809.jpg,4.3,Veiga de Carvalho e Silva,26.4,False,,a,11,43,154,0,0,0,0,0.0,0.0,Bernardo Silva,2849,7,8,15,22,0,0,0,3,0,0,17,649,796.4,1026.3,1069.0,289.6
258,,,20664,0,0,0,0,0,3,,,0,David,0.0,219,False,,,75,20664.jpg,4.3,Silva,3.6,False,,a,11,43,143,0,0,0,0,0.0,0.0,David Silva,2399,6,8,16,14,0,0,0,2,0,0,14,614,715.2,1150.3,1092.0,295.8
259,,,209244,0,0,0,0,0,3,,,0,Phil,0.0,220,False,,,55,209244.jpg,1.9,Foden,0.9,False,,a,11,43,25,0,0,0,0,0.0,0.0,Foden,328,1,0,2,0,0,0,0,0,0,0,3,93,85.0,133.8,208.0,42.6
260,,,27789,0,0,0,0,0,3,,,0,Fernando,0.0,221,False,,,55,27789.jpg,2.7,Luiz Rosa,1.2,False,,a,11,43,79,0,0,0,0,0.0,0.0,Fernandinho,2375,1,3,12,15,0,0,0,5,0,0,4,444,534.6,396.8,208.0,114.2
261,,,59859,0,0,0,0,0,3,,,0,Ilkay,0.0,222,False,,,55,59859.jpg,3.6,Gündogan,3.1,False,,a,11,43,113,0,0,0,0,0.0,0.0,Gündogan,2129,6,3,13,15,0,0,0,3,0,0,10,528,548.8,819.7,447.0,181.6
262,,,145235,0,0,0,0,0,2,,,0,José Ángel,0.0,440,False,,,50,145235.jpg,0.0,Esmorís Tasende,0.4,False,,a,11,43,0,0,0,0,0,0.0,0.0,Angeliño,0,0,0,0,0,0,0,0,0,0,0,0,0,0.0,0.0,0.0,0.0
263,,,220566,0,0,0,0,0,3,,,0,Rodrigo,0.0,443,False,,,55,220566.jpg,0.0,Hernandez,1.0,False,,a,11,43,0,0,0,0,0,0.0,0.0,Rodrigo,0,0,0,0,0,0,0,0,0,0,0,0,0,0.0,0.0,0.0,0.0
264,,,214590,0,0,0,0,0,2,,,0,Aaron,0.0,122,False,,,55,214590.jpg,3.4,Wan-Bissaka,35.5,False,,a,12,1,120,0,0,0,0,0.0,0.0,Wan-Bissaka,3134,0,3,12,47,0,0,0,4,1,0,18,672,863.4,266.8,139.0,127.1
265,,,55909,0,0,0,0,0,2,,,0,Chris,0.0,223,False,,,55,55909.jpg,2.3,Smalling,0.3,False,,a,12,1,56,0,0,0,0,0.0,0.0,Smalling,2127,1,0,4,36,1,0,0,1,0,0,3,335,453.4,31.0,176.0,66.0
266,,,18892,0,0,0,0,0,2,,,0,Ashley,0.0,224,False,,,55,18892.jpg,2.4,Young,0.4,False,,a,12,1,73,0,0,0,0,0.0,0.0,Young,2568,2,3,4,44,0,0,0,8,1,0,4,450,554.4,650.5,124.0,133.0
267,,,184667,0,0,0,0,0,2,,,0,Victor,0.0,225,False,,,55,184667.jpg,2.8,Lindelöf,1.5,False,,a,12,1,85,0,0,0,0,0.0,0.0,Lindelöf,2600,1,1,6,40,1,0,0,1,0,0,9,527,533.0,75.3,118.0,72.8
268,,,106760,0,0,0,0,0,2,,,0,Luke,0.0,226,False,,,55,106760.jpg,3.1,Shaw,2.3,False,,a,12,1,91,0,0,0,0,0.0,0.0,Shaw,2591,1,5,6,39,0,0,0,11,0,0,11,489,586.2,505.6,287.0,138.1
269,,,58893,0,0,0,0,0,2,,,0,Marcos,0.0,227,False,,,50,58893.jpg,0.4,Rojo,0.2,False,,a,12,1,2,0,0,0,0,0.0,0.0,Rojo,209,0,0,0,5,1,0,0,2,0,0,0,15,42.2,3.1,63.0,10.9
270,0.0,,197365,0,0,0,0,0,2,,,0,Eric,0.0,228,False,Knee injury - Expected back 26 Dec,2019-07-26T12:00:09.210610Z,50,197365.jpg,1.3,Bailly,0.1,False,,i,12,1,16,0,0,0,0,0.0,0.0,Bailly,636,0,0,1,13,0,0,0,0,1,0,0,109,125.0,3.4,35.0,16.5
271,,,216051,0,0,0,0,0,2,,,0,José Diogo,0.0,229,False,,,50,216051.jpg,1.7,Dalot Teixeira,0.3,False,,a,12,1,27,0,0,0,0,0.0,0.0,Dalot,1009,0,2,1,18,0,0,0,3,0,0,0,171,184.4,259.0,94.0,53.7
272,,,40002,0,0,0,0,0,2,,,0,Matteo,0.0,230,False,,,50,40002.jpg,2.3,Darmian,0.1,False,,a,12,1,14,0,0,0,0,0.0,0.0,Darmian,443,0,0,1,8,0,0,0,0,0,0,2,83,84.2,34.9,7.0,12.6
273,,,76359,0,0,0,0,0,2,,,0,Phil,0.0,231,False,,,50,76359.jpg,2.4,Jones,0.2,False,,a,12,1,43,0,0,0,0,0.0,0.0,Jones,1261,0,1,3,17,0,0,0,1,0,0,3,273,300.8,44.8,42.0,39.0
274,,,66749,0,0,0,0,0,4,,,0,Romelu,0.0,232,False,,,85,66749.jpg,3.6,Lukaku,2.8,False,,a,12,1,115,0,0,0,0,0.0,0.0,Lukaku,2126,12,1,4,38,0,0,0,4,0,0,14,361,550.6,330.2,1052.0,193.5
275,,,176297,0,0,0,0,0,4,,,0,Marcus,0.0,233,False,,,85,176297.jpg,3.9,Rashford,16.4,False,,a,12,1,128,0,0,0,0,0.0,0.0,Rashford,2331,10,7,6,35,0,0,0,3,1,0,14,425,650.0,542.3,1064.0,224.6
276,,,220688,0,0,0,0,0,4,,,0,Mason,0.0,234,False,,,45,220688.jpg,1.3,Greenwood,14.1,False,,a,12,1,4,0,0,0,0,0.0,0.0,Greenwood,115,0,0,0,2,0,0,0,0,0,0,0,12,24.0,43.3,90.0,15.7
277,,,51940,0,0,0,0,0,1,,,0,David,0.0,235,False,,,55,51940.jpg,3.2,de Gea,10.2,False,,a,12,1,120,0,0,0,0,0.0,0.0,de Gea,3420,0,0,7,54,0,0,0,1,0,123,7,636,846.0,0.0,0.0,84.5
278,,,42899,0,0,0,0,0,1,,,0,Sergio,0.0,236,False,,,50,42899.jpg,0.0,Romero,0.3,False,,a,12,1,0,0,0,0,0,0.0,0.0,Romero,0,0,0,0,0,0,0,0,0,0,0,0,0,0.0,0.0,0.0,0.0
279,,,6744,0,0,0,0,0,1,,,0,Lee,0.0,237,False,,,50,6744.jpg,0.0,Grant,0.2,False,,a,12,1,0,0,0,0,0,0.0,0.0,Grant,0,0,0,0,0,0,0,0,0,0,0,0,0,0.0,0.0,0.0,0.0
280,75.0,,74208,0,0,0,0,0,3,,,0,Paul,0.0,238,False,Back injury - 75% chance of playing,2019-08-02T19:30:11.168405Z,85,74208.jpg,5.1,Pogba,10.0,False,,d,12,1,179,0,0,0,0,0.0,0.0,Pogba,3007,13,10,8,43,0,0,3,6,0,0,19,648,1096.8,822.3,1246.0,316.9
281,,,148225,0,0,0,0,0,3,,,0,Anthony,0.0,239,False,,,75,148225.jpg,4.5,Martial,3.9,False,,a,12,1,122,0,0,0,0,0.0,0.0,Martial,1613,10,4,5,25,0,0,0,2,0,0,13,389,532.8,503.3,755.0,178.9
282,,,37265,0,0,0,0,0,3,,,0,Alexis,0.0,240,False,,,70,37265.jpg,2.4,Sánchez,3.0,False,,a,12,1,47,0,0,0,0,0.0,0.0,Sánchez,869,1,5,2,10,0,0,0,3,0,0,1,168,207.6,297.2,307.0,81.1
283,,,109322,0,0,0,0,0,3,,,0,Jesse,0.0,241,False,,,65,109322.jpg,2.9,Lingard,1.2,False,,a,12,1,78,0,0,0,0,0.0,0.0,Lingard,1657,4,3,3,26,0,0,0,3,0,0,5,270,310.0,306.1,395.0,101.1
284,,,43670,0,0,0,0,0,3,,,0,Juan,0.0,242,False,,,65,43670.jpg,3.2,Mata,0.5,False,,a,12,1,70,0,0,0,0,0.0,0.0,Mata,1284,3,4,5,15,0,0,0,3,0,0,7,274,258.4,464.0,262.0,98.6
285,,,200617,0,0,0,0,0,3,,,0,Daniel,0.0,243,False,,,60,200617.jpg,0.0,James,3.4,False,,a,12,1,0,0,0,0,0,0.0,0.0,James,0,0,0,0,0,0,0,0,0,0,0,0,0,0.0,0.0,0.0,0.0
286,,,101582,0,0,0,0,0,3,,,0,Frederico,0.0,244,False,,,55,101582.jpg,2.4,Rodrigues de Paula Santos,0.2,False,,a,12,1,40,0,0,0,0,0.0,0.0,Fred,1039,1,2,1,19,0,0,0,2,0,0,3,180,177.6,203.2,87.0,46.9
287,,,209041,0,0,0,0,0,3,,,0,Angel,0.0,245,False,,,50,209041.jpg,1.0,Gomes,0.2,False,,a,12,1,2,0,0,0,0,0.0,0.0,Gomes,25,0,0,0,1,0,0,0,0,0,0,0,4,5.2,2.3,18.0,2.6
288,,,156689,0,0,0,0,0,3,,,0,Andreas,0.0,246,False,,,50,156689.jpg,1.8,Pereira,0.2,False,,a,12,1,27,0,0,0,0,0.0,0.0,Pereira,590,1,1,1,13,0,0,0,5,0,0,2,115,132.8,139.5,67.0,33.8
289,,,62398,0,0,0,0,0,3,,,0,Nemanja,0.0,247,False,,,50,62398.jpg,2.1,Matic,0.5,False,,a,12,1,59,0,0,0,0,0.0,0.0,Matic,2437,1,0,6,37,0,0,0,6,1,0,2,371,477.6,247.9,183.0,90.9
290,,,195851,0,0,0,0,0,3,,,0,Scott,0.0,248,False,,,50,195851.jpg,2.4,McTominay,0.6,False,,a,12,1,38,0,0,0,0,0.0,0.0,McTominay,862,2,0,1,18,0,0,0,1,0,0,4,152,175.4,33.1,180.0,38.8
291,,,222677,0,0,0,0,0,3,,,0,Tahith,0.0,249,False,,,45,222677.jpg,1.0,Chong,0.3,False,,a,12,1,2,0,0,0,0,0.0,0.0,Chong,37,0,0,0,1,0,0,0,0,0,0,0,3,6.2,2.1,39.0,4.7
292,,,232928,0,0,0,0,0,3,,,0,James,0.0,250,False,,,45,232928.jpg,1.0,Garner,0.1,False,,a,12,1,1,0,0,0,0,0.0,0.0,Garner,1,0,0,0,0,0,0,0,0,0,0,0,3,0.0,0.0,0.0,0.0
293,,,180804,0,0,0,0,0,2,,,0,Axel,0.0,481,False,,,45,180804.jpg,0.0,Tuanzebe,0.1,False,,a,12,1,0,0,0,0,0,0.0,0.0,Tuanzebe,0,0,0,0,0,0,0,0,0,0,0,0,0,0.0,0.0,0.0,0.0
294,75.0,,56983,0,0,0,0,0,2,,,0,Matt,0.0,251,False,Hamstring injury - 75% chance of playing,2019-07-30T22:30:14.480370Z,55,56983.jpg,3.1,Ritchie,1.5,False,,d,13,4,110,0,0,0,0,0.0,0.0,Ritchie,2927,2,8,10,40,0,0,1,9,0,0,7,504,712.4,973.8,448.0,213.6
295,,,119471,0,0,0,0,0,2,,,0,Fabian,0.0,252,False,,,50,119471.jpg,3.9,Schär,2.1,False,,a,13,4,93,0,0,0,0,0.0,0.0,Schär,2000,4,1,7,23,0,0,0,12,0,0,9,403,669.4,148.6,220.0,103.8
296,0.0,,151119,0,0,0,0,0,2,,,0,DeAndre,0.0,253,False,Groin Injury - Unknown return date,2019-06-25T11:30:07.199276Z,45,151119.jpg,2.2,Yedlin,0.1,False,,i,13,4,63,0,0,0,0,0.0,0.0,Yedlin,2472,1,2,5,41,1,0,0,6,1,0,1,325,436.4,406.3,113.0,95.8
297,,,57145,0,0,0,0,0,2,,,0,Federico,0.0,254,False,,,45,57145.jpg,2.5,Fernández,0.2,False,,a,13,4,47,0,0,0,0,0.0,0.0,Fernández,1482,0,2,3,24,0,0,0,2,0,0,5,277,350.0,63.7,70.0,48.5
298,,,106618,0,0,0,0,0,2,,,0,Paul,0.0,255,False,,,45,106618.jpg,2.6,Dummett,0.3,False,,a,13,4,67,0,0,0,0,0.0,0.0,Dummett,1986,0,0,7,27,0,0,0,1,0,0,3,365,424.2,94.0,58.0,57.6
299,,,109528,0,0,0,0,0,2,,,0,Javier,0.0,256,False,,,45,109528.jpg,2.9,Manquillo,0.2,False,,a,13,4,53,0,0,0,0,0.0,0.0,Manquillo,1098,0,3,4,16,0,0,0,2,0,0,5,231,231.0,127.3,28.0,38.8
300,0.0,,77359,0,0,0,0,0,2,,,0,Florian,0.0,257,False,Knee injury - Unknown return date,2019-06-25T11:30:07.214396Z,45,77359.jpg,2.9,Lejeune,0.0,False,,i,13,4,35,0,0,0,0,0.0,0.0,Lejeune,1054,0,0,4,13,0,0,0,0,0,0,0,209,211.6,82.5,59.0,35.3
301,,,101148,0,0,0,0,0,2,,,0,Jamaal,0.0,258,False,,,45,101148.jpg,3.0,Lascelles,8.9,False,,a,13,4,95,0,0,0,0,0.0,0.0,Lascelles,2745,0,1,10,36,0,0,0,4,0,0,8,539,632.4,46.8,113.0,79.6
302,,,58845,0,0,0,0,0,2,,,0,Ciaran,0.0,259,False,,,45,58845.jpg,3.8,Clark,0.2,False,,a,13,4,42,0,0,0,0,0.0,0.0,Clark,857,3,0,2,15,0,0,0,1,0,0,4,194,293.2,25.0,105.0,42.6
303,,,196118,0,0,0,0,0,4,,,0,Yoshinori,0.0,260,False,,,55,196118.jpg,1.4,Muto,0.2,False,,a,13,4,24,0,0,0,0,0.0,0.0,Muto,514,1,0,1,10,0,0,0,1,0,0,0,65,71.8,66.8,140.0,27.4
304,0.0,,61316,0,0,0,0,0,4,,,0,Jose Luis,0.0,261,False,Joined Alaves on a permanent deal on 15/7,2019-07-16T00:30:14.636406Z,50,61316.jpg,1.9,Mato Sanmartín,0.2,False,,u,13,4,30,0,0,0,0,0.0,0.0,Joselu,586,2,0,1,15,0,0,0,1,0,0,3,89,121.4,35.9,290.0,44.6
305,,,67089,0,0,0,0,0,1,,,0,Martin,0.0,262,False,,,50,67089.jpg,3.4,Dubravka,1.1,False,,a,13,4,131,0,0,0,0,0.0,0.0,Dubravka,3420,0,0,11,48,0,0,0,1,0,96,10,647,783.6,0.0,0.0,78.4
306,,,59735,0,0,0,0,0,1,,,0,Karl,0.0,263,False,,,45,59735.jpg,0.0,Darlow,0.2,False,,a,13,4,0,0,0,0,0,0.0,0.0,Darlow,0,0,0,0,0,0,0,0,0,0,0,0,0,0.0,0.0,0.0,0.0
307,0.0,,155503,0,0,0,0,0,1,,,0,Frederick,0.0,264,False,Joined Swansea City on loan until the end of the season on 1/8. - Expected back 01 Jul,2019-08-01T10:00:13.686109Z,40,155503.jpg,0.0,Woodman,3.0,False,,n,13,4,0,0,0,0,0,0.0,0.0,Woodman,0,0,0,0,0,0,0,0,0,0,0,0,0,0.0,0.0,0.0,0.0
308,,,179018,0,0,0,0,0,3,,,0,Miguel,0.0,266,False,,,60,179018.jpg,2.8,Almirón,1.0,False,,a,13,4,28,0,0,0,0,0.0,0.0,Almirón,758,0,2,3,11,0,0,0,0,0,0,0,107,121.4,189.8,235.0,54.6
309,75.0,,104953,0,0,0,0,0,3,,,0,Christian,0.0,267,False,Hamstring injury - 75% chance of playing,2019-07-30T15:00:09.294312Z,55,104953.jpg,2.0,Atsu,0.1,False,,d,13,4,55,0,0,0,0,0.0,0.0,Atsu,1481,1,1,6,18,0,0,0,2,0,0,0,175,218.8,273.0,331.0,82.3
310,,,76542,0,0,0,0,0,3,,,0,Sung-yueng,0.0,268,False,,,50,76542.jpg,2.1,Ki,0.1,False,,a,13,4,38,0,0,0,0,0.0,0.0,Ki Sung-yueng,1298,0,1,4,20,0,0,0,2,0,0,1,197,163.2,258.4,45.0,46.7
311,,,50232,0,0,0,0,0,3,,,0,Jonjo,0.0,269,False,,,50,50232.jpg,2.4,Shelvey,0.3,False,,a,13,4,39,0,0,0,0,0.0,0.0,Shelvey,943,1,1,5,13,0,0,0,1,0,0,2,170,226.2,351.7,154.0,73.2
312,100.0,,180135,0,0,0,0,0,3,,,0,Sean,0.0,270,False,,2019-06-25T11:30:07.229329Z,50,180135.jpg,2.9,Longstaff,0.7,False,,a,13,4,26,0,0,0,0,0.0,0.0,Longstaff,686,1,1,3,9,0,0,0,2,0,0,1,117,130.4,71.8,106.0,30.9
313,,,153127,0,0,0,0,0,3,,,0,Isaac,0.0,271,False,,,45,153127.jpg,2.8,Hayden,7.9,False,,a,13,4,69,0,0,0,0,0.0,0.0,Hayden,1857,1,4,7,25,0,0,0,3,1,0,5,306,412.0,298.8,232.0,94.4
314,,,180974,0,0,0,0,0,4,,,0,Joelinton Cássio,0.0,466,False,,,60,180974.jpg,0.0,Apolinário de Lira,2.3,False,,a,13,4,0,0,0,0,0,0.0,0.0,Joelinton,0,0,0,0,0,0,0,0,0,0,0,0,0,0.0,0.0,0.0,0.0
315,,,58771,0,0,0,0,0,3,,,0,Jack,0.0,482,False,,,45,58771.jpg,0.0,Colback,0.1,False,,a,13,4,0,0,0,0,0,0.0,0.0,Colback,0,0,0,0,0,0,0,0,0,0,0,0,0,0.0,0.0,0.0,0.0
316,,,114243,0,0,0,0,0,3,,,0,Jacob,0.0,483,False,,,50,114243.jpg,1.8,Murphy,0.0,False,,a,13,4,16,0,0,0,0,0.0,0.0,Murphy,296,0,1,1,8,0,0,0,0,0,0,0,50,53.6,31.1,22.0,10.7
317,75.0,,84384,0,0,0,0,0,2,,,0,Timm,0.0,272,False,Hip injury - 75% chance of playing,2019-08-02T13:30:09.149762Z,45,84384.jpg,0.0,Klose,0.5,False,,d,14,45,0,0,0,0,0,0.0,0.0,Klose,0,0,0,0,0,0,0,0,0,0,0,0,0,0.0,0.0,0.0,0.0
318,100.0,,198826,0,0,0,0,0,2,,,0,Ben,0.0,273,False,,2019-07-15T10:00:11.392489Z,45,198826.jpg,0.0,Godfrey,0.3,False,,a,14,45,0,0,0,0,0,0.0,0.0,Godfrey,0,0,0,0,0,0,0,0,0,0,0,0,0,0.0,0.0,0.0,0.0
319,,,232980,0,0,0,0,0,2,,,0,Maximillian,0.0,274,False,,,45,232980.jpg,0.0,Aarons,4.1,False,,a,14,45,0,0,0,0,0,0.0,0.0,Aarons,0,0,0,0,0,0,0,0,0,0,0,0,0,0.0,0.0,0.0,0.0
320,25.0,,192303,0,0,0,0,0,2,,,0,Christoph,0.0,275,False,Knee injury - 25% chance of playing,2019-07-10T12:00:11.279736Z,45,192303.jpg,0.0,Zimmermann,0.1,False,,d,14,45,0,0,0,0,0,0.0,0.0,Zimmermann,0,0,0,0,0,0,0,0,0,0,0,0,0,0.0,0.0,0.0,0.0
321,,,194799,0,0,0,0,0,2,,,0,Jamal,0.0,276,False,,,45,194799.jpg,0.0,Lewis,0.3,False,,a,14,45,0,0,0,0,0,0.0,0.0,Lewis,0,0,0,0,0,0,0,0,0,0,0,0,0,0.0,0.0,0.0,0.0
322,,,83428,0,0,0,0,0,2,,,0,Grant,0.0,277,False,,,40,83428.jpg,0.0,Hanley,2.8,False,,a,14,45,0,0,0,0,0,0.0,0.0,Hanley,0,0,0,0,0,0,0,0,0,0,0,0,0,0.0,0.0,0.0,0.0
323,,,57127,0,0,0,0,0,4,,,0,Teemu,0.0,278,False,,,65,57127.jpg,0.0,Pukki,3.9,False,,a,14,45,0,0,0,0,0,0.0,0.0,Pukki,0,0,0,0,0,0,0,0,0,0,0,0,0,0.0,0.0,0.0,0.0
324,,,179587,0,0,0,0,0,4,,,0,Dennis,0.0,279,False,,,55,179587.jpg,0.0,Srbeny,0.1,False,,a,14,45,0,0,0,0,0,0.0,0.0,Srbeny,0,0,0,0,0,0,0,0,0,0,0,0,0,0.0,0.0,0.0,0.0
325,,,20480,0,0,0,0,0,1,,,0,Tim,0.0,280,False,,,45,20480.jpg,0.0,Krul,1.8,False,,a,14,45,0,0,0,0,0,0.0,0.0,Krul,0,0,0,0,0,0,0,0,0,0,0,0,0,0.0,0.0,0.0,0.0
326,,,18499,0,0,0,0,0,1,,,0,Michael,0.0,281,False,,,40,18499.jpg,0.0,McGovern,4.0,False,,a,14,45,0,0,0,0,0,0.0,0.0,McGovern,0,0,0,0,0,0,0,0,0,0,0,0,0,0.0,0.0,0.0,0.0
327,,,37614,0,0,0,0,0,3,,,0,Mario,0.0,282,False,,,65,37614.jpg,0.0,Vrancic,0.3,False,,a,14,45,0,0,0,0,0,0.0,0.0,Vrancic,0,0,0,0,0,0,0,0,0,0,0,0,0,0.0,0.0,0.0,0.0
328,,,195546,0,0,0,0,0,3,,,0,Emiliano,0.0,283,False,,,60,195546.jpg,0.0,Buendía,0.7,False,,a,14,45,0,0,0,0,0,0.0,0.0,Buendía,0,0,0,0,0,0,0,0,0,0,0,0,0,0.0,0.0,0.0,0.0
329,,,89470,0,0,0,0,0,3,,,0,Onel,0.0,284,False,,,55,89470.jpg,0.0,Hernández,0.3,False,,a,14,45,0,0,0,0,0,0.0,0.0,Hernández,0,0,0,0,0,0,0,0,0,0,0,0,0,0.0,0.0,0.0,0.0
330,,,71738,0,0,0,0,0,3,,,0,Marco,0.0,285,False,,,55,71738.jpg,0.0,Stiepermann,0.2,False,,a,14,45,0,0,0,0,0,0.0,0.0,Stiepermann,0,0,0,0,0,0,0,0,0,0,0,0,0,0.0,0.0,0.0,0.0
331,,,78607,0,0,0,0,0,3,,,0,Kenny,0.0,286,False,,,50,78607.jpg,0.0,McLean,0.2,False,,a,14,45,0,0,0,0,0,0.0,0.0,McLean,0,0,0,0,0,0,0,0,0,0,0,0,0,0.0,0.0,0.0,0.0
332,,,193111,0,0,0,0,0,3,,,0,Todd,0.0,287,False,,,45,193111.jpg,0.0,Cantwell,0.4,False,,a,14,45,0,0,0,0,0,0.0,0.0,Cantwell,0,0,0,0,0,0,0,0,0,0,0,0,0,0.0,0.0,0.0,0.0
333,,,87396,0,0,0,0,0,3,,,0,Moritz,0.0,288,False,,,45,87396.jpg,0.0,Leitner,0.4,False,,a,14,45,0,0,0,0,0,0.0,0.0,Leitner,0,0,0,0,0,0,0,0,0,0,0,0,0,0.0,0.0,0.0,0.0
334,75.0,,18665,0,0,0,0,0,3,,,0,Alexander,0.0,289,False,Calf injury - 75% chance of playing,2019-07-30T15:00:09.320270Z,45,18665.jpg,0.0,Tettey,0.6,False,,d,14,45,0,0,0,0,0,0.0,0.0,Tettey,0,0,0,0,0,0,0,0,0,0,0,0,0,0.0,0.0,0.0,0.0
335,,,90440,0,0,0,0,0,3,,,0,Tom,0.0,290,False,,,45,90440.jpg,0.0,Trybull,0.8,False,,a,14,45,0,0,0,0,0,0.0,0.0,Trybull,0,0,0,0,0,0,0,0,0,0,0,0,0,0.0,0.0,0.0,0.0
336,,,81048,0,0,0,0,0,4,,,0,Josip,0.0,434,False,,,55,81048.jpg,0.0,Drmic,0.3,False,,a,14,45,0,0,0,0,0,0.0,0.0,Drmic,0,0,0,0,0,0,0,0,0,0,0,0,0,0.0,0.0,0.0,0.0
337,,,124165,0,0,0,0,0,3,,,0,Patrick,0.0,435,False,,,55,124165.jpg,0.0,Roberts,0.2,False,,a,14,45,0,0,0,0,0,0.0,0.0,Roberts,0,0,0,0,0,0,0,0,0,0,0,0,0,0.0,0.0,0.0,0.0
338,,,28082,0,0,0,0,0,1,,,0,Ralf,0.0,449,False,,,45,28082.jpg,0.0,Fahrmann,0.8,False,,a,14,45,0,0,0,0,0,0.0,0.0,Fahrmann,0,0,0,0,0,0,0,0,0,0,0,0,0,0.0,0.0,0.0,0.0
339,,,113564,0,0,0,0,0,2,,,0,Sam,0.0,454,False,,,45,113564.jpg,0.0,Byram,0.2,False,,a,14,45,0,0,0,0,0,0.0,0.0,Byram,0,0,0,0,0,0,0,0,0,0,0,0,0,0.0,0.0,0.0,0.0
340,,,101061,0,0,0,0,0,2,,,0,Philip,0.0,484,False,,,40,101061.jpg,0.0,Heise,0.3,False,,a,14,45,0,0,0,0,0,0.0,0.0,Heise,0,0,0,0,0,0,0,0,0,0,0,0,0,0.0,0.0,0.0,0.0
341,,,178304,0,0,0,0,0,4,,,0,Lys,0.0,70,False,,,50,178304.jpg,1.2,Mousset,0.6,False,,a,15,49,28,0,0,0,0,0.0,0.0,Mousset,350,1,0,0,15,0,0,0,1,0,0,0,74,74.6,65.1,201.0,33.8
342,,,63426,0,0,0,0,0,2,,,0,Enda,0.0,291,False,,,50,63426.jpg,0.0,Stevens,0.6,False,,a,15,49,0,0,0,0,0,0.0,0.0,Stevens,0,0,0,0,0,0,0,0,0,0,0,0,0,0.0,0.0,0.0,0.0
343,,,87121,0,0,0,0,0,2,,,0,Kieron,0.0,292,False,,,45,87121.jpg,0.0,Freeman,0.3,False,,a,15,49,0,0,0,0,0,0.0,0.0,Freeman,0,0,0,0,0,0,0,0,0,0,0,0,0,0.0,0.0,0.0,0.0
344,,,146610,0,0,0,0,0,2,,,0,Jack,0.0,293,False,,,45,146610.jpg,0.0,O'Connell,0.5,False,,a,15,49,0,0,0,0,0,0.0,0.0,O'Connell,0,0,0,0,0,0,0,0,0,0,0,0,0,0.0,0.0,0.0,0.0
345,,,82691,0,0,0,0,0,2,,,0,George,0.0,294,False,,,45,82691.jpg,0.0,Baldock,0.2,False,,a,15,49,0,0,0,0,0,0.0,0.0,Baldock,0,0,0,0,0,0,0,0,0,0,0,0,0,0.0,0.0,0.0,0.0
346,,,108416,0,0,0,0,0,2,,,0,John,0.0,295,False,,,45,108416.jpg,0.0,Egan,0.3,False,,a,15,49,0,0,0,0,0,0.0,0.0,Egan,0,0,0,0,0,0,0,0,0,0,0,0,0,0.0,0.0,0.0,0.0
347,,,18832,0,0,0,0,0,2,,,0,Richard,0.0,296,False,,,40,18832.jpg,0.0,Stearman,3.3,False,,a,15,49,0,0,0,0,0,0.0,0.0,Stearman,0,0,0,0,0,0,0,0,0,0,0,0,0,0.0,0.0,0.0,0.0
348,,,153723,0,0,0,0,0,2,,,0,John,0.0,297,False,,,40,153723.jpg,0.0,Lundstram,4.7,False,,a,15,49,0,0,0,0,0,0.0,0.0,Lundstram,0,0,0,0,0,0,0,0,0,0,0,0,0,0.0,0.0,0.0,0.0
349,,,18867,0,0,0,0,0,4,,,0,Billy,0.0,298,False,,,60,18867.jpg,0.0,Sharp,1.5,False,,a,15,49,0,0,0,0,0,0.0,0.0,Sharp,0,0,0,0,0,0,0,0,0,0,0,0,0,0.0,0.0,0.0,0.0
350,,,213280,0,0,0,0,0,1,,,0,Jake,0.0,299,False,,,45,213280.jpg,0.0,Eastwood,0.6,False,,a,15,49,0,0,0,0,0,0.0,0.0,Eastwood,0,0,0,0,0,0,0,0,0,0,0,0,0,0.0,0.0,0.0,0.0
351,,,59614,0,0,0,0,0,3,,,0,Mark,0.0,300,False,,,55,59614.jpg,0.0,Duffy,0.3,False,,a,15,49,0,0,0,0,0,0.0,0.0,Duffy,0,0,0,0,0,0,0,0,0,0,0,0,0,0.0,0.0,0.0,0.0
352,,,47247,0,0,0,0,0,3,,,0,John,0.0,301,False,,,50,47247.jpg,0.0,Fleck,0.3,False,,a,15,49,0,0,0,0,0,0.0,0.0,Fleck,0,0,0,0,0,0,0,0,0,0,0,0,0,0.0,0.0,0.0,0.0
353,,,79934,0,0,0,0,0,3,,,0,Oliver,0.0,302,False,,,50,79934.jpg,0.0,Norwood,0.6,False,,a,15,49,0,0,0,0,0,0.0,0.0,Norwood,0,0,0,0,0,0,0,0,0,0,0,0,0,0.0,0.0,0.0,0.0
354,,,27436,0,0,0,0,0,4,,,0,David,0.0,303,False,,,55,27436.jpg,0.0,McGoldrick,0.3,False,,a,15,49,0,0,0,0,0,0.0,0.0,McGoldrick,0,0,0,0,0,0,0,0,0,0,0,0,0,0.0,0.0,0.0,0.0
355,,,40386,0,0,0,0,0,2,,,0,Chris,0.0,423,False,,,45,40386.jpg,0.0,Basham,0.2,False,,a,15,49,0,0,0,0,0,0.0,0.0,Basham,0,0,0,0,0,0,0,0,0,0,0,0,0,0.0,0.0,0.0,0.0
356,,,74854,0,0,0,0,0,1,,,0,Simon,0.0,436,False,,,45,74854.jpg,0.0,Moore,0.2,False,,a,15,49,0,0,0,0,0,0.0,0.0,Moore,0,0,0,0,0,0,0,0,0,0,0,0,0,0.0,0.0,0.0,0.0
357,,,49083,0,0,0,0,0,3,,,0,Luke,0.0,441,False,,,55,49083.jpg,0.0,Freeman,0.2,False,,a,15,49,0,0,0,0,0,0.0,0.0,Freeman,0,0,0,0,0,0,0,0,0,0,0,0,0,0.0,0.0,0.0,0.0
358,,,7645,0,0,0,0,0,2,,,0,Phil,0.0,444,False,,,45,7645.jpg,3.1,Jagielka,1.0,False,,a,15,49,22,0,0,0,0,0.0,0.0,Jagielka,329,1,0,2,4,0,0,0,0,1,0,3,80,82.2,21.4,43.0,14.6
359,,,171975,0,0,0,0,0,3,,,0,Callum,0.0,453,False,,,55,171975.jpg,0.0,Robinson,0.4,False,,a,15,49,0,0,0,0,0,0.0,0.0,Robinson,0,0,0,0,0,0,0,0,0,0,0,0,0,0.0,0.0,0.0,0.0
360,,,90518,0,0,0,0,0,3,,,0,Ravel,0.0,456,False,,,50,90518.jpg,0.0,Morrison,0.3,False,,a,15,49,0,0,0,0,0,0.0,0.0,Morrison,0,0,0,0,0,0,0,0,0,0,0,0,0,0.0,0.0,0.0,0.0
361,,,172649,0,0,0,0,0,1,,,0,Dean,0.0,471,False,,,45,172649.jpg,0.0,Henderson,1.2,False,,a,15,49,0,0,0,0,0,0.0,0.0,Henderson,0,0,0,0,0,0,0,0,0,0,0,0,0,0.0,0.0,0.0,0.0
362,,,167878,0,0,0,0,0,3,,,0,Ben,0.0,472,False,,,50,167878.jpg,0.0,Osborn,0.0,False,,a,15,49,0,0,0,0,0,0.0,0.0,Osborn,0,0,0,0,0,0,0,0,0,0,0,0,0,0.0,0.0,0.0,0.0
363,,,93100,0,0,0,0,0,2,,,0,Jannik,0.0,304,False,,,50,93100.jpg,2.2,Vestergaard,0.2,False,,a,16,20,50,0,0,0,0,0.0,0.0,Vestergaard,2027,0,0,4,31,0,0,0,2,0,0,0,396,576.6,76.6,104.0,75.9
364,,,40146,0,0,0,0,0,2,,,0,Ryan,0.0,305,False,,,50,40146.jpg,2.3,Bertrand,1.1,False,,a,16,20,56,0,0,0,0,0.0,0.0,Bertrand,2160,1,0,6,42,0,0,0,8,0,0,1,291,326.8,379.4,123.0,82.6
365,,,213482,0,0,0,0,0,2,,,0,Yan,0.0,306,False,,,50,213482.jpg,2.3,Valery,0.6,False,,a,16,20,54,0,0,0,0,0.0,0.0,Valery,1709,2,1,3,30,0,0,0,3,1,0,0,251,329.4,124.7,157.0,60.7
366,,,171771,0,0,0,0,0,2,,,0,Jan,0.0,307,False,,,45,171771.jpg,2.0,Bednarek,1.1,False,,a,16,20,49,0,0,0,0,0.0,0.0,Bednarek,2150,0,1,3,37,0,0,0,7,0,0,3,365,616.0,108.8,91.0,81.9
367,,,88900,0,0,0,0,0,2,,,0,Jack,0.0,308,False,,,45,88900.jpg,2.0,Stephens,0.2,False,,a,16,20,47,0,0,0,0,0.0,0.0,Stephens,1697,1,0,3,35,0,0,0,4,0,0,4,282,394.4,65.5,143.0,60.4
368,,,80447,0,0,0,0,0,2,,,0,Maya,0.0,310,False,,,45,80447.jpg,2.6,Yoshida,0.4,False,,a,16,20,44,0,0,0,0,0.0,0.0,Yoshida,1518,0,1,3,29,0,0,0,0,0,0,4,278,387.0,57.4,189.0,63.4
369,,,232797,0,0,0,0,0,2,,,0,Kayne,0.0,311,False,,,40,232797.jpg,1.0,Ramsay,1.3,False,,a,16,20,1,0,0,0,0,0.0,0.0,Ramsay,90,0,0,0,3,0,0,0,0,0,0,0,9,11.2,0.0,0.0,1.1
370,,,78356,0,0,0,0,0,4,,,0,Charlie,0.0,312,False,,,60,78356.jpg,1.8,Austin,0.4,False,,a,16,20,46,0,0,0,0,0.0,0.0,Austin,970,2,2,5,17,0,0,1,1,0,0,1,117,158.4,115.3,405.0,67.4
371,,,84939,0,0,0,0,0,4,,,0,Danny,0.0,313,False,,,60,84939.jpg,3.8,Ings,2.4,False,,a,16,20,90,0,0,0,0,0.0,0.0,Ings,1650,7,3,5,27,0,0,0,1,0,0,11,310,433.8,346.9,808.0,158.4
372,100.0,,220598,0,0,0,0,0,4,,,0,Michael,0.0,314,False,,2019-06-25T11:30:07.244310Z,50,220598.jpg,2.2,Obafemi,0.3,False,,a,16,20,13,0,0,0,0,0.0,0.0,Obafemi,134,1,1,0,3,0,0,0,1,0,0,0,46,62.6,27.4,127.0,21.6
373,,,20452,0,0,0,0,0,4,,,0,Shane,0.0,315,False,,,50,20452.jpg,2.5,Long,6.2,False,,a,16,20,66,0,0,0,0,0.0,0.0,Long,1260,5,2,2,24,0,0,0,3,0,0,5,191,248.6,179.2,417.0,84.2
374,0.0,,153371,0,0,0,0,0,4,,,0,Sam,0.0,316,False,Joined Blackburn Rovers on a permanent deal on 13/7,2019-07-14T15:00:12.872120Z,45,153371.jpg,1.0,Gallagher,0.2,False,,u,16,20,4,0,0,0,0,0.0,0.0,Gallagher,32,0,0,0,1,0,0,0,0,0,0,0,6,0.0,0.3,0.0,0.0
375,,,40383,0,0,0,0,0,1,,,0,Fraser,0.0,317,False,,,45,40383.jpg,2.0,Forster,1.0,False,,a,16,20,2,0,0,0,0,0.0,0.0,Forster,90,0,0,0,3,0,0,0,0,0,3,0,13,22.2,0.0,0.0,2.2
376,,,58376,0,0,0,0,0,1,,,0,Alex,0.0,318,False,,,45,58376.jpg,2.9,McCarthy,1.2,False,,a,16,20,73,0,0,0,0,0.0,0.0,McCarthy,2250,0,0,4,44,0,0,0,1,0,78,6,414,585.2,0.0,0.0,58.6
377,,,107265,0,0,0,0,0,1,,,0,Angus,0.0,319,False,,,45,107265.jpg,3.9,Gunn,1.3,False,,a,16,20,47,0,0,0,0,0.0,0.0,Gunn,1080,0,0,3,18,0,1,0,0,0,33,4,206,239.2,0.0,0.0,23.8
378,,,83283,0,0,0,0,0,3,,,0,Nathan,0.0,320,False,,,65,83283.jpg,3.6,Redmond,2.5,False,,a,16,20,137,0,0,0,0,0.0,0.0,Redmond,3272,6,5,9,58,0,0,0,3,0,0,12,433,665.4,802.3,950.0,241.4
379,,,101178,0,0,0,0,0,3,,,0,James,0.0,321,False,,,60,101178.jpg,3.6,Ward-Prowse,1.3,False,,a,16,20,94,0,0,0,0,0.0,0.0,Ward-Prowse,1940,7,0,3,41,1,0,0,4,0,0,15,390,592.0,695.8,387.0,167.4
380,,,96787,0,0,0,0,0,3,,,0,Mohamed,0.0,322,False,,,55,96787.jpg,1.8,Elyounoussi,0.1,False,,a,16,20,28,0,0,0,0,0.0,0.0,Elyounoussi,785,0,0,4,10,0,0,0,0,0,0,0,91,94.2,228.3,220.0,54.2
381,,,91047,0,0,0,0,0,3,,,0,Stuart,0.0,323,False,,,55,91047.jpg,2.6,Armstrong,0.2,False,,a,16,20,75,0,0,0,0,0.0,0.0,Armstrong,1421,3,4,5,26,0,0,0,2,0,0,3,269,305.6,392.4,379.0,107.5
382,,,151086,0,0,0,0,0,3,,,0,Mario,0.0,324,False,,,50,151086.jpg,2.4,Lemina,0.2,False,,a,16,20,50,0,0,0,0,0.0,0.0,Lemina,1612,1,2,4,37,0,0,0,5,0,0,2,270,313.0,214.7,188.0,71.6
383,,,132015,0,0,0,0,0,3,,,0,Pierre-Emile,0.0,325,False,,,50,132015.jpg,2.9,Højbjerg,1.0,False,,a,16,20,90,0,0,0,0,0.0,0.0,Højbjerg,2760,4,3,4,59,0,0,0,7,2,0,8,477,616.0,445.6,421.0,148.8
384,0.0,,204481,0,0,0,0,0,3,,,0,Tyreke,0.0,326,False,Joined Woking on loan until January on 2/8. - Expected back 01 Jan,2019-08-02T13:30:09.188463Z,45,204481.jpg,1.0,Johnson,0.1,False,,n,16,20,1,0,0,0,0,0.0,0.0,Johnson,1,0,0,0,0,0,0,0,0,0,0,0,3,0.0,0.0,0.0,0.0
385,,,193109,0,0,0,0,0,3,,,0,Callum,0.0,327,False,,,45,193109.jpg,1.3,Slattery,0.1,False,,a,16,20,4,0,0,0,0,0.0,0.0,Slattery,110,0,0,0,1,0,0,0,0,0,0,0,12,15.8,2.6,24.0,4.2
386,,,78056,0,0,0,0,0,3,,,0,Oriol,0.0,328,False,,,45,78056.jpg,1.8,Romeu Vidal,1.2,False,,a,16,20,55,0,0,0,0,0.0,0.0,Oriol Romeu,2131,1,0,6,37,0,0,0,11,0,0,3,282,455.2,158.4,124.0,74.0
387,,,200439,0,0,0,0,0,4,,,0,Che,0.0,437,False,,,60,200439.jpg,0.0,Adams,1.6,False,,a,16,20,0,0,0,0,0,0.0,0.0,Adams,0,0,0,0,0,0,0,0,0,0,0,0,0,0.0,0.0,0.0,0.0
388,,,431131,0,0,0,0,0,3,,,0,Moussa,0.0,438,False,,,55,431131.jpg,0.0,Djenepo,0.2,False,,a,16,20,0,0,0,0,0,0.0,0.0,Djenepo,0,0,0,0,0,0,0,0,0,0,0,0,0,0.0,0.0,0.0,0.0
389,,,167075,0,0,0,0,0,2,,,0,Wesley,0.0,485,False,,,45,167075.jpg,2.2,Hoedt,0.0,False,,a,16,20,29,0,0,0,0,0.0,0.0,Hoedt,1170,0,0,4,24,2,0,0,2,0,0,3,206,283.6,20.0,41.0,34.7
390,,,58822,0,0,0,0,0,2,,,0,Cédric,0.0,486,False,,,50,58822.jpg,2.9,Soares,0.1,False,,a,16,20,52,0,0,0,0,0.0,0.0,Cédric,1493,1,2,4,31,0,0,0,4,0,0,7,273,309.0,226.5,103.0,63.9
391,75.0,,115556,0,0,0,0,0,2,,,0,Ben,0.0,329,False,Groin Injury - 75% chance of playing,2019-07-31T00:00:11.457160Z,55,115556.jpg,2.4,Davies,0.6,False,,d,17,6,66,0,0,0,0,0.0,0.0,Davies,1837,0,0,6,26,0,0,0,2,0,0,5,361,388.2,256.6,176.0,82.3
392,,,39194,0,0,0,0,0,2,,,0,Jan,0.0,330,False,,,55,39194.jpg,3.0,Vertonghen,3.1,False,,a,17,6,67,0,0,0,0,0.0,0.0,Vertonghen,1911,1,0,6,23,0,0,0,3,1,0,7,390,445.4,116.7,165.0,72.7
393,,,55605,0,0,0,0,0,2,,,0,Toby,0.0,331,False,,,55,55605.jpg,3.1,Alderweireld,6.5,False,,a,17,6,107,0,0,0,0,0.0,0.0,Alderweireld,2921,0,0,12,31,1,0,0,3,0,0,7,651,690.2,139.1,229.0,105.7
394,,,38290,0,0,0,0,0,2,,,0,Danny,0.0,332,False,,,55,38290.jpg,3.3,Rose,1.9,False,,a,17,6,86,0,0,0,0,0.0,0.0,Rose,1792,0,4,8,16,0,0,0,5,0,0,5,352,343.6,416.6,216.0,97.6
395,,,173904,0,0,0,0,0,2,,,0,Davinson,0.0,333,False,,,55,173904.jpg,3.4,Sánchez,1.1,False,,a,17,6,78,0,0,0,0,0.0,0.0,Sánchez,1941,1,2,6,22,0,0,0,2,0,0,4,412,454.2,60.3,183.0,70.0
396,0.0,,77794,0,0,0,0,0,2,,,0,Kieran,0.0,334,False,Joined Atletico Madrid on a permanent deal on 17/7,2019-07-18T09:00:08.860585Z,55,77794.jpg,4.4,Trippier,1.2,False,,u,17,6,118,0,0,0,0,0.0,0.0,Trippier,2275,1,5,10,23,1,0,0,2,0,0,16,573,601.6,827.0,121.0,155.0
397,0.0,,234908,0,0,0,0,0,2,,,0,Juan,0.0,335,False,Suspended until 25 Aug,2019-06-25T11:30:07.259817Z,50,234908.jpg,2.9,Foyth,0.1,False,,s,17,6,35,0,0,0,0,0.0,0.0,Foyth,888,1,0,3,12,0,0,0,3,1,0,4,172,248.6,59.8,53.0,36.3
398,75.0,,80226,0,0,0,0,0,2,,,0,Serge,0.0,336,False,Hand injury - 75% chance of playing,2019-07-31T00:00:11.487644Z,50,80226.jpg,3.0,Aurier,1.0,False,,d,17,6,24,0,0,0,0,0.0,0.0,Aurier,562,0,2,2,9,0,0,0,1,0,0,0,116,151.6,108.4,45.0,30.5
399,,,158534,0,0,0,0,0,2,,,0,Kyle,0.0,337,False,,,50,158534.jpg,4.7,Walker-Peters,1.7,False,,a,17,6,28,0,0,0,0,0.0,0.0,Walker-Peters,374,0,3,2,4,0,0,0,1,0,0,4,112,107.4,104.9,20.0,23.1
400,,,78830,0,0,0,0,0,4,,,0,Harry,0.0,338,False,,,110,78830.jpg,5.7,Kane,27.6,False,,a,17,6,160,0,0,0,0,0.0,0.0,Kane,2423,17,6,9,31,0,0,0,5,0,0,24,561,824.6,430.0,1359.0,261.3
401,0.0,,165990,0,0,0,0,0,4,,,0,Vincent,0.0,339,False,Joined Monterrey on a permanent deal on 23/7,2019-07-30T07:00:10.626522Z,45,165990.jpg,1.0,Janssen,0.6,False,,u,17,6,3,0,0,0,0,0.0,0.0,Janssen,36,0,0,0,0,0,0,0,0,0,0,0,4,6.2,1.6,57.0,6.5
402,,,37915,0,0,0,0,0,1,,,0,Hugo,0.0,340,False,,,55,37915.jpg,4.4,Lloris,9.1,False,,a,17,6,145,0,0,0,0,0.0,0.0,Lloris,2970,0,0,12,33,0,2,0,0,0,100,10,691,858.2,0.0,0.0,86.0
403,,,102884,0,0,0,0,0,1,,,0,Paulo,0.0,341,False,,,45,102884.jpg,4.3,Gazzaniga,0.3,False,,a,17,6,13,0,0,0,0,0.0,0.0,Gazzaniga,270,0,0,1,2,0,0,0,0,0,11,0,64,82.8,0.0,0.0,8.2
404,0.0,,85971,0,0,0,0,0,3,,,0,Heung-Min,0.0,342,False,Suspended until 25 Aug,2019-06-25T11:30:07.273840Z,95,85971.jpg,5.1,Son,1.5,False,,s,17,6,159,0,0,0,0,0.0,0.0,Son,2033,12,8,10,23,0,0,0,2,1,0,17,489,690.6,508.0,1002.0,219.9
405,,,80607,0,0,0,0,0,3,,,0,Christian,0.0,343,False,,,90,80607.jpg,4.6,Eriksen,6.1,False,,a,17,6,161,0,0,0,0,0.0,0.0,Eriksen,2770,8,12,8,37,0,0,0,3,0,0,15,675,876.0,1148.7,801.0,283.0
406,,,108823,0,0,0,0,0,3,,,0,Bamidele,0.0,344,False,,,85,108823.jpg,3.8,Alli,2.5,False,,a,17,6,94,0,0,0,0,0.0,0.0,Alli,1822,5,4,8,21,0,0,0,4,0,0,8,356,467.2,436.6,681.0,158.5
407,,,95715,0,0,0,0,0,3,,,0,Lucas,0.0,345,False,,,75,95715.jpg,4.1,Rodrigues Moura da Silva,8.2,False,,a,17,6,131,0,0,0,0,0.0,0.0,Lucas Moura,2115,10,2,14,18,0,0,0,3,0,0,8,340,556.4,415.6,650.0,161.9
408,,,62974,0,0,0,0,0,3,,,0,Erik,0.0,346,False,,,60,62974.jpg,3.5,Lamela,0.5,False,,a,17,6,67,0,0,0,0,0.0,0.0,Lamela,965,4,4,4,12,0,0,0,2,0,0,5,231,263.8,339.9,441.0,104.1
409,,,157668,0,0,0,0,0,3,,,0,Harry,0.0,347,False,,,55,157668.jpg,2.0,Winks,0.4,False,,a,17,6,53,0,0,0,0,0.0,0.0,Winks,1589,1,0,6,17,0,0,0,4,0,0,3,275,268.2,168.6,71.0,50.7
410,75.0,,54756,0,0,0,0,0,3,,,0,Victor,0.0,348,False,Knee injury - 75% chance of playing,2019-07-31T00:00:11.516279Z,50,54756.jpg,1.8,Wanyama,0.2,False,,d,17,6,24,0,0,0,0,0.0,0.0,Wanyama,511,1,0,3,4,0,0,0,2,0,0,2,105,113.2,45.0,80.0,23.9
411,,,45268,0,0,0,0,0,3,,,0,Moussa,0.0,349,False,,,50,45268.jpg,2.6,Sissoko,1.3,False,,a,17,6,76,0,0,0,0,0.0,0.0,Sissoko,2329,0,3,11,28,0,0,0,2,0,0,3,395,329.0,380.7,193.0,90.2
412,75.0,,93264,0,0,0,0,0,3,,,0,Eric,0.0,350,False,Unknown - 75% chance of playing,2019-07-31T00:00:11.529837Z,50,93264.jpg,2.8,Dier,0.4,False,,d,17,6,56,0,0,0,0,0.0,0.0,Dier,1504,3,0,5,18,0,0,0,4,0,0,3,269,363.4,150.1,121.0,63.6
413,0.0,,168764,0,0,0,0,0,3,,,0,Luke,0.0,351,False,Joined QPR on loan until the end of the season on 1/7. - Expected back 01 Jul,2019-07-02T09:00:13.289180Z,45,168764.jpg,1.0,Amos,0.0,False,,n,17,6,1,0,0,0,0,0.0,0.0,Amos,2,0,0,0,0,0,0,0,0,0,0,0,3,2.2,0.1,0.0,0.2
414,,,209042,0,0,0,0,0,3,,,0,Oliver,0.0,352,False,,,45,209042.jpg,1.5,Skipp,0.4,False,,a,17,6,12,0,0,0,0,0.0,0.0,Skipp,214,0,0,2,1,0,0,0,0,0,0,0,40,35.2,20.5,12.0,7.0
415,,,231372,0,0,0,0,0,3,,,0,Tanguy,0.0,442,False,,,60,231372.jpg,0.0,Ndombele,4.1,False,,a,17,6,0,0,0,0,0,0.0,0.0,Ndombele,0,0,0,0,0,0,0,0,0,0,0,0,0,0.0,0.0,0.0,0.0
416,,,40868,0,0,0,0,0,2,,,0,José,0.0,353,False,,,50,40868.jpg,3.3,Holebas,5.0,False,,a,18,57,93,0,0,0,0,0.0,0.0,Holebas,2392,3,7,5,41,0,0,0,12,1,0,10,437,642.4,598.2,164.0,140.6
417,,,85624,0,0,0,0,0,2,,,0,Christian,0.0,354,False,,,45,85624.jpg,1.7,Kabasele,0.3,False,,a,18,57,36,0,0,0,0,0.0,0.0,Kabasele,1584,0,0,3,29,0,0,0,2,1,0,1,212,355.2,24.0,189.0,56.7
418,,,155651,0,0,0,0,0,2,,,0,Adam,0.0,355,False,,,45,155651.jpg,1.9,Masina,0.1,False,,a,18,57,26,0,0,0,0,0.0,0.0,Masina,1002,0,1,2,20,0,0,0,5,0,0,1,165,201.0,70.8,27.0,30.1
419,,,20145,0,0,0,0,0,2,,,0,Adrian,0.0,356,False,,,45,20145.jpg,2.2,Mariappa,0.3,False,,a,18,57,57,0,0,0,0,0.0,0.0,Mariappa,1924,0,0,5,32,0,0,0,3,0,0,2,334,404.6,61.9,79.0,54.5
420,,,54484,0,0,0,0,0,2,,,0,Francisco,0.0,357,False,,,45,54484.jpg,2.3,Femenía Far,1.0,False,,a,18,57,66,0,0,0,0,0.0,0.0,Kiko Femenía,2043,1,1,4,40,0,0,0,1,0,0,6,412,420.2,252.9,87.0,76.0
421,,,41338,0,0,0,0,0,2,,,0,Craig,0.0,358,False,,,45,41338.jpg,2.6,Cathcart,5.1,False,,a,18,57,93,0,0,0,0,0.0,0.0,Cathcart,3095,3,0,6,54,2,0,0,2,0,0,5,552,719.6,25.5,262.0,100.8
422,,,52940,0,0,0,0,0,2,,,0,Daryl,0.0,359,False,,,45,52940.jpg,2.8,Janmaat,0.7,False,,a,18,57,50,0,0,0,0,0.0,0.0,Janmaat,1520,0,2,3,22,0,0,0,3,0,0,6,274,346.2,212.2,118.0,67.8
423,0.0,,220166,0,0,0,0,0,2,,,0,Marc,0.0,360,False,Joined Leganes on loan until the end of the season on 25/7. - Expected back 01 Jul,2019-07-26T16:00:12.508474Z,40,220166.jpg,1.0,Navarro,0.5,False,,n,18,57,2,0,0,0,0,0.0,0.0,Navarro,84,0,0,0,3,0,0,0,0,0,0,0,12,16.0,5.3,2.0,2.3
424,,,41945,0,0,0,0,0,2,,,0,Sebastian,0.0,361,False,,,40,41945.jpg,1.0,Prödl,1.9,False,,a,18,57,1,0,0,0,0,0.0,0.0,Prödl,13,0,0,0,0,0,0,0,0,0,0,0,2,0.0,0.0,0.0,0.0
425,,,41725,0,0,0,0,0,4,,,0,Troy,0.0,362,False,,,65,41725.jpg,3.6,Deeney,2.7,False,,a,18,57,116,0,0,0,0,0.0,0.0,Deeney,2542,9,5,5,44,0,0,0,4,1,0,13,411,607.4,549.5,1019.0,216.9
426,,,94924,0,0,0,0,0,4,,,0,Gerard,0.0,363,False,,,65,94924.jpg,4.4,Deulofeu,11.6,False,,a,18,57,133,0,0,0,0,0.0,0.0,Deulofeu,2064,10,5,9,29,0,0,0,3,0,0,10,344,549.2,455.6,856.0,185.6
427,,,73426,0,0,0,0,0,4,,,0,Andre,0.0,364,False,,,60,73426.jpg,2.9,Gray,0.7,False,,a,18,57,83,0,0,0,0,0.0,0.0,Gray,1352,7,2,4,23,0,0,0,2,0,0,10,254,331.8,183.9,620.0,112.8
428,,,173514,0,0,0,0,0,4,,,0,Isaac,0.0,365,False,,,50,173514.jpg,1.4,Success Ajayi,1.0,False,,a,18,57,42,0,0,0,0,0.0,0.0,Success,1033,1,1,2,21,0,0,0,4,0,0,0,125,148.6,274.5,394.0,81.4
429,,,9089,0,0,0,0,0,1,,,0,Ben,0.0,366,False,,,50,9089.jpg,3.4,Foster,3.1,False,,a,18,57,129,0,0,0,0,0.0,0.0,Foster,3420,0,0,7,59,0,1,0,1,0,128,11,703,988.0,50.0,1.0,104.1
430,,,206882,0,0,0,0,0,1,,,0,Pontus,0.0,367,False,,,45,206882.jpg,0.0,Dahlberg,0.2,False,,a,18,57,0,0,0,0,0,0.0,0.0,Dahlberg,0,0,0,0,0,0,0,0,0,0,0,0,0,0.0,0.0,0.0,0.0
431,,,121599,0,0,0,0,0,3,,,0,Abdoulaye,0.0,368,False,,,60,121599.jpg,3.5,Doucouré,3.4,False,,a,18,57,124,0,0,0,0,0.0,0.0,Doucouré,3061,5,7,5,56,1,0,0,7,0,0,14,550,735.6,544.1,709.0,198.9
432,,,61566,0,0,0,0,0,3,,,0,Roberto,0.0,369,False,,,60,61566.jpg,3.7,Pereyra,4.7,False,,a,18,57,122,0,0,0,0,0.0,0.0,Pereyra,2817,6,4,6,53,0,0,0,3,0,0,13,432,458.4,512.7,744.0,171.8
433,,,108413,0,0,0,0,0,3,,,0,Will,0.0,370,False,,,55,108413.jpg,2.7,Hughes,0.3,False,,a,18,57,87,0,0,0,0,0.0,0.0,Hughes,2419,2,4,7,39,0,0,0,5,0,0,5,320,429.2,416.0,451.0,129.6
434,,,43250,0,0,0,0,0,3,,,0,Tom,0.0,371,False,,,50,43250.jpg,1.9,Cleverley,0.1,False,,a,18,57,25,0,0,0,0,0.0,0.0,Cleverley,470,1,0,3,7,0,0,0,2,0,0,2,87,97.4,33.4,40.0,17.2
435,,,157775,0,0,0,0,0,3,,,0,Ken,0.0,372,False,,,50,157775.jpg,2.2,Sema,0.1,False,,a,18,57,37,0,0,0,0,0.0,0.0,Sema,747,1,2,3,9,0,0,0,1,0,0,1,91,128.6,112.7,169.0,40.8
436,,,38439,0,0,0,0,0,3,,,0,Etienne,0.0,373,False,,,50,38439.jpg,2.4,Capoue,1.0,False,,a,18,57,79,0,0,0,0,0.0,0.0,Capoue,2944,1,3,8,48,0,0,0,14,1,0,8,496,656.6,219.2,152.0,102.8
437,,,89085,0,0,0,0,0,3,,,0,Nathaniel,0.0,374,False,,,45,89085.jpg,1.1,Chalobah,0.5,False,,a,18,57,10,0,0,0,0,0.0,0.0,Chalobah,265,0,0,0,7,0,0,0,2,0,0,0,42,35.6,20.2,31.0,8.8
438,100.0,,216058,0,0,0,0,0,3,,,0,Domingos,0.0,375,False,,2019-06-25T11:30:07.289088Z,45,216058.jpg,2.1,Quina,0.1,False,,a,18,57,17,0,0,0,0,0.0,0.0,Quina,334,1,0,0,5,0,0,0,0,0,0,2,68,69.0,40.2,22.0,13.1
439,,,60232,0,0,0,0,0,2,,,0,Craig,0.0,439,False,,,50,60232.jpg,0.0,Dawson,0.4,False,,a,18,57,0,0,0,0,0,0.0,0.0,Dawson,0,0,0,0,0,0,0,0,0,0,0,0,0,0.0,0.0,0.0,0.0
440,,,55459,0,0,0,0,0,2,,,0,Aaron,0.0,376,False,,,50,55459.jpg,1.7,Cresswell,0.4,False,,a,19,21,34,0,0,0,0,0.0,0.0,Cresswell,1588,0,1,1,26,0,0,0,1,0,0,0,257,318.2,290.9,113.0,72.3
441,,,40669,0,0,0,0,0,2,,,0,Angelo,0.0,377,False,,,45,40669.jpg,2.0,Ogbonna,0.4,False,,a,19,21,48,0,0,0,0,0.0,0.0,Ogbonna,1871,1,1,2,36,0,0,0,2,0,0,2,314,462.4,54.2,168.0,68.5
442,,,105717,0,0,0,0,0,2,,,0,Arthur,0.0,378,False,,,45,105717.jpg,2.1,Masuaku,0.5,False,,a,19,21,49,0,0,0,0,0.0,0.0,Masuaku,1757,0,2,4,29,0,0,0,2,0,0,0,311,434.4,212.0,55.0,70.3
443,,,20658,0,0,0,0,0,2,,,0,Pablo,0.0,379,False,,,45,20658.jpg,2.2,Zabaleta,0.7,False,,a,19,21,56,0,0,0,0,0.0,0.0,Zabaleta,2089,0,1,4,35,0,0,0,4,0,0,4,350,447.4,163.2,106.0,71.8
444,,,81012,0,0,0,0,0,2,,,0,Ryan,0.0,380,False,,,45,81012.jpg,2.5,Fredericks,0.5,False,,a,19,21,38,0,0,0,0,0.0,0.0,Fredericks,1084,1,0,3,16,0,0,0,5,0,0,4,169,254.8,77.2,85.0,42.0
445,,,219924,0,0,0,0,0,2,,,0,Issa,0.0,381,False,,,45,219924.jpg,2.6,Diop,5.3,False,,a,19,21,87,0,0,0,0,0.0,0.0,Diop,2970,1,0,7,43,1,0,0,4,0,0,6,561,733.0,52.3,162.0,94.8
446,,,166640,0,0,0,0,0,2,,,0,Fabián,0.0,382,False,,,45,166640.jpg,2.7,Balbuena,0.7,False,,a,19,21,61,0,0,0,0,0.0,0.0,Balbuena,2013,1,0,5,32,0,0,0,2,0,0,3,375,534.6,40.9,201.0,77.8
447,,,48717,0,0,0,0,0,2,,,0,Winston,0.0,383,False,,,40,48717.jpg,0.0,Reid,5.5,False,,a,19,21,0,0,0,0,0,0.0,0.0,Reid,0,0,0,0,0,0,0,0,0,0,0,0,0,0.0,0.0,0.0,0.0
448,,,222018,0,0,0,0,0,2,,,0,Ben,0.0,384,False,,,40,222018.jpg,2.0,Johnson,1.4,False,,a,19,21,2,0,0,0,0,0.0,0.0,Johnson,62,0,0,0,1,0,0,0,0,0,0,0,6,7.8,0.4,0.0,0.8
449,0.0,,41464,0,0,0,0,0,4,,,0,Marko,0.0,385,False,Joined Shanghai SIPG on a permanent deal on 7/7,2019-07-23T08:30:10.476392Z,70,41464.jpg,4.2,Arnautovic,0.6,False,,u,19,21,117,0,0,0,0,0.0,0.0,Arnautovic,1988,10,5,4,34,0,0,0,3,0,0,15,405,551.6,500.6,946.0,199.2
450,,,43020,0,0,0,0,0,4,,,0,Javier,0.0,386,False,,,60,43020.jpg,3.4,Hernández Balcázar,1.1,False,,a,19,21,86,0,0,0,0,0.0,0.0,Chicharito,1326,7,4,6,20,0,0,0,2,0,0,10,276,301.0,112.0,528.0,93.4
451,,,209925,0,0,0,0,0,4,,,0,Alexandre Nascimento,0.0,387,False,,,45,209925.jpg,1.0,Costa Silva,1.9,False,,a,19,21,1,0,0,0,0,0.0,0.0,Xande Silva,17,0,0,0,0,0,0,0,0,0,0,0,3,2.0,10.3,36.0,4.8
452,,,37096,0,0,0,0,0,1,,,0,Lukasz,0.0,388,False,,,50,37096.jpg,3.8,Fabianski,8.7,False,,a,19,21,143,0,0,0,0,0.0,0.0,Fabianski,3420,0,0,7,55,0,1,0,0,0,148,15,742,1136.0,20.0,0.0,115.5
453,,,57531,0,0,0,0,0,3,,,0,Michail,0.0,389,False,,,70,57531.jpg,3.6,Antonio,3.0,False,,a,19,21,118,0,0,0,0,0.0,0.0,Antonio,2093,6,8,7,30,0,0,0,3,0,0,6,305,482.0,346.2,852.0,167.0
454,,,101537,0,0,0,0,0,3,,,0,Felipe Anderson,0.0,390,False,,,70,101537.jpg,4.3,Pereira Gomes,11.9,False,,a,19,21,155,0,0,0,0,0.0,0.0,Felipe Anderson,3045,9,6,7,49,0,0,0,3,0,0,18,619,882.2,1042.4,799.0,272.2
455,,,86934,0,0,0,0,0,3,,,0,Manuel,0.0,391,False,,,65,86934.jpg,3.1,Lanzini,0.9,False,,a,19,21,31,0,0,0,0,0.0,0.0,Lanzini,685,1,2,2,12,0,0,0,2,0,0,3,148,141.0,118.2,165.0,42.4
456,,,56377,0,0,0,0,0,3,,,0,Andriy,0.0,392,False,,,60,56377.jpg,3.0,Yarmolenko,0.3,False,,a,19,21,27,0,0,0,0,0.0,0.0,Yarmolenko,456,2,1,1,6,0,0,0,2,0,0,2,88,86.0,84.6,122.0,29.1
457,,,18987,0,0,0,0,0,3,,,0,Robert,0.0,393,False,,,55,18987.jpg,2.6,Snodgrass,0.3,False,,a,19,21,85,0,0,0,0,0.0,0.0,Snodgrass,2215,2,5,5,33,0,0,0,10,0,0,9,364,460.8,976.0,380.0,181.5
458,,,54102,0,0,0,0,0,3,,,0,Jack,0.0,394,False,,,50,54102.jpg,2.1,Wilshere,0.5,False,,a,19,21,17,0,0,0,0,0.0,0.0,Wilshere,388,0,2,1,10,0,0,0,2,0,0,0,90,72.0,74.0,17.0,16.3
459,,,204480,0,0,0,0,0,3,,,0,Declan,0.0,395,False,,,50,204480.jpg,2.7,Rice,2.9,False,,a,19,21,92,0,0,0,0,0.0,0.0,Rice,3003,2,0,6,47,0,0,0,4,0,0,9,586,584.4,174.2,213.0,97.1
460,,,18073,0,0,0,0,0,3,,,0,Mark,0.0,396,False,,,50,18073.jpg,3.2,Noble,2.0,False,,a,19,21,99,0,0,0,0,0.0,0.0,Noble,2289,5,5,7,31,0,0,0,6,1,0,5,454,521.4,359.8,196.0,107.6
461,,,42824,0,0,0,0,0,3,,,0,Carlos,0.0,397,False,,,45,42824.jpg,1.3,Sánchez,0.3,False,,a,19,21,9,0,0,0,0,0.0,0.0,Carlos Sánchez,240,0,0,0,4,0,0,0,0,0,0,0,44,24.6,28.8,24.0,7.8
462,,,179830,0,0,0,0,0,3,,,0,Grady,0.0,398,False,,,45,179830.jpg,1.5,Diangana,0.2,False,,a,19,21,25,0,0,0,0,0.0,0.0,Diangana,600,0,1,2,13,0,0,0,0,0,0,0,86,115.0,174.5,175.0,46.2
463,,,217593,0,0,0,0,0,3,,,0,Pablo,0.0,399,False,,,65,217593.jpg,0.0,Fornals,1.4,False,,a,19,21,0,0,0,0,0,0.0,0.0,Fornals,0,0,0,0,0,0,0,0,0,0,0,0,0,0.0,0.0,0.0,0.0
464,0.0,,59779,0,0,0,0,0,3,,,0,Pedro,0.0,400,False,Joined Sassuolo on a permanent deal on 25/7,2019-07-26T12:30:08.589709Z,45,59779.jpg,1.8,Obiang,0.3,False,,u,19,21,43,0,0,0,0,0.0,0.0,Obiang,1116,0,2,2,21,0,0,0,0,0,0,1,188,219.2,105.9,112.0,43.6
465,,,40694,0,0,0,0,0,1,,,0,Roberto,0.0,450,False,,,45,40694.jpg,0.0,Jimenez Gago,0.3,False,,a,19,21,0,0,0,0,0,0.0,0.0,Roberto,0,0,0,0,0,0,0,0,0,0,0,0,0,0.0,0.0,0.0,0.0
466,,,103123,0,0,0,0,0,4,,,0,Sébastien,0.0,457,False,,,75,103123.jpg,0.0,Haller,4.9,False,,a,19,21,0,0,0,0,0,0.0,0.0,Haller,0,0,0,0,0,0,0,0,0,0,0,0,0,0.0,0.0,0.0,0.0
467,75.0,,87835,0,0,0,0,0,2,,,0,Matt,0.0,401,False,Knee injury - 75% chance of playing,2019-07-12T09:30:08.159614Z,60,87835.jpg,3.8,Doherty,4.3,False,,d,20,39,144,0,0,0,0,0.0,0.0,Doherty,3141,4,7,8,41,1,0,0,5,0,0,12,596,758.8,547.4,711.0,201.6
468,,,114128,0,0,0,0,0,2,,,0,Jonathan,0.0,402,False,,,55,114128.jpg,3.1,Castro Otto,1.5,False,,a,20,39,103,0,0,0,0,0.0,0.0,Jonny,2772,1,3,8,39,0,0,0,6,0,0,9,488,523.4,447.3,361.0,133.3
469,,,94147,0,0,0,0,0,2,,,0,Conor,0.0,403,False,,,50,94147.jpg,2.5,Coady,1.7,False,,a,20,39,94,0,0,0,0,0.0,0.0,Coady,3420,0,0,9,46,3,0,0,5,0,0,6,585,593.2,26.2,0.0,61.8
470,,,41727,0,0,0,0,0,2,,,0,Ryan,0.0,404,False,,,50,41727.jpg,2.6,Bennett,0.8,False,,a,20,39,89,0,0,0,0,0.0,0.0,Bennett,3060,1,0,9,38,0,0,0,12,0,0,1,467,566.4,129.7,172.0,86.9
471,,,90585,0,0,0,0,0,2,,,0,Willy,0.0,405,False,,,50,90585.jpg,3.3,Boly,7.6,False,,a,20,39,120,0,0,0,0,0.0,0.0,Boly,3168,4,0,8,43,0,0,0,2,1,0,10,635,954.2,146.9,279.0,137.7
472,,,216054,0,0,0,0,0,2,,,0,Rúben Gonçalo,0.0,406,False,,,45,216054.jpg,1.4,Silva Nascimento Vinagre,0.4,False,,a,20,39,24,0,0,0,0,0.0,0.0,Vinagre,703,0,0,1,9,0,0,0,1,0,0,0,118,117.0,113.7,69.0,30.0
473,,,107613,0,0,0,0,0,2,,,0,Romain,0.0,407,False,,,45,107613.jpg,2.5,Saïss,0.4,False,,a,20,39,47,0,0,0,0,0.0,0.0,Saïss,1142,2,0,3,17,0,0,0,7,0,0,5,248,363.6,70.9,129.0,56.2
474,,,214048,0,0,0,0,0,2,,,0,Max,0.0,408,False,,,40,214048.jpg,1.0,Kilman,1.6,False,,a,20,39,1,0,0,0,0,0.0,0.0,Kilman,1,0,0,0,0,0,0,0,0,0,0,0,3,0.0,0.0,0.0,0.0
475,75.0,,102057,0,0,0,0,0,4,,,0,Raúl,0.0,409,False,Foot injury - 75% chance of playing,2019-08-02T08:30:15.227417Z,75,102057.jpg,4.8,Jiménez,31.2,False,,d,20,39,181,0,0,0,0,0.0,0.0,Jiménez,3112,13,10,12,40,0,0,0,4,0,0,31,602,788.8,648.5,1428.0,285.4
476,,,194634,0,0,0,0,0,4,,,0,Diogo,0.0,410,False,,,65,194634.jpg,4.2,Jota,13.8,False,,a,20,39,139,0,0,0,0,0.0,0.0,Jota,2352,9,8,10,29,0,0,0,11,0,0,13,386,559.6,402.5,888.0,185.0
477,,,38533,0,0,0,0,0,1,,,0,Rui Pedro,0.0,411,False,,,50,38533.jpg,3.2,dos Santos Patrício,5.2,False,,a,20,39,118,0,0,0,0,0.0,0.0,Patrício,3330,0,0,8,46,0,0,0,0,0,97,4,581,695.0,0.0,0.0,69.1
478,,,19236,0,0,0,0,0,1,,,0,John,0.0,412,False,,,45,19236.jpg,7.0,Ruddy,0.5,False,,a,20,39,7,0,0,0,0,0.0,0.0,Ruddy,90,0,0,1,0,0,0,0,0,0,3,0,25,26.6,0.0,0.0,2.7
479,0.0,,168399,0,0,0,0,0,1,,,0,Will,0.0,413,False,Joined Ipswich Town on loan until the end of the season on 30/7. - Expected back 01 Jul,2019-07-30T15:30:08.533720Z,40,168399.jpg,1.0,Norris,2.0,False,,n,20,39,1,0,0,0,0,0.0,0.0,Norris,1,0,0,0,0,0,0,0,0,0,0,0,3,0.0,0.0,0.0,0.0
480,,,171317,0,0,0,0,0,3,,,0,Rúben Diogo,0.0,414,False,,,55,171317.jpg,3.0,da Silva Neves,7.8,False,,a,20,39,104,0,0,0,0,0.0,0.0,Neves,3006,4,3,8,43,0,0,0,8,0,0,7,483,698.2,365.9,402.0,146.8
481,,,19624,0,0,0,0,0,3,,,0,João Filipe Iria,0.0,415,False,,,55,19624.jpg,3.1,Santos Moutinho,7.0,False,,a,20,39,119,0,0,0,0,0.0,0.0,Moutinho,3030,1,8,9,39,0,0,0,4,0,0,13,628,812.6,1245.8,102.0,216.4
482,,,222531,0,0,0,0,0,3,,,0,Morgan,0.0,416,False,,,50,222531.jpg,1.4,Gibbs-White,0.2,False,,a,20,39,37,0,0,0,0,0.0,0.0,Gibbs-White,645,0,1,4,12,0,0,0,1,0,0,0,113,73.2,181.1,72.0,32.5
483,,,159533,0,0,0,0,0,3,,,0,Adama,0.0,417,False,,,50,159533.jpg,1.5,Traoré,0.3,False,,a,20,39,44,0,0,0,0,0.0,0.0,Traoré,884,1,1,1,13,0,0,0,1,0,0,2,182,223.4,271.3,265.0,75.8
484,0.0,,165808,0,0,0,0,0,3,,,0,Hélder,0.0,418,False,Joined Leeds United on loan until the end of the season on 3/7. - Expected back 01 Jul,2019-07-03T13:00:11.133915Z,50,165808.jpg,2.1,Costa,0.0,False,,n,20,39,52,0,0,0,0,0.0,0.0,Costa,1333,1,2,5,19,0,0,0,3,0,0,0,136,162.8,264.0,280.0,70.9
485,0.0,,166324,0,0,0,0,0,3,,,0,Ivan,0.0,419,False,Joined Fulham on loan until the end of the season on 13/7. - Expected back 01 Jul,2019-07-14T15:00:13.027011Z,50,166324.jpg,2.1,Cavaleiro,0.0,False,,n,20,39,48,0,0,0,0,0.0,0.0,Cavaleiro,677,3,1,1,11,0,0,0,1,0,0,3,156,198.0,313.6,156.0,66.0
486,,,151589,0,0,0,0,0,3,,,0,Leander,0.0,420,False,,,45,151589.jpg,2.5,Dendoncker,13.2,False,,a,20,39,48,0,0,0,0,0.0,0.0,Dendoncker,1465,2,0,3,21,0,0,0,1,0,0,1,209,334.8,126.6,288.0,75.1
487,,,178876,0,0,0,0,0,2,,,0,Jesús,0.0,473,False,,,50,178876.jpg,0.0,Vallejo Lázaro,0.3,False,,a,20,39,0,0,0,0,0,0.0,0.0,Vallejo,0,0,0,0,0,0,0,0,0,0,0,0,0,0.0,0.0,0.0,0.0
488,,,209353,0,0,0,0,0,4,,,0,Patrick,0.0,487,False,,,60,209353.jpg,0.0,Cutrone,1.0,False,,a,20,39,0,0,0,0,0,0.0,0.0,Cutrone,0,0,0,0,0,0,0,0,0,0,0,0,0,0.0,0.0,0.0,0.0
